"","fips","county","state","deaths","always.mask","population","vax.complete","svi.index","deaths.scaled"
"1",1001,"Autauga","Alabama",70,0.444,55869,46,"C",125.293096350391
"2",1003,"Baldwin","Alabama",126,0.436,223234,53.3,"B",56.4430149529194
"3",1005,"Barbour","Alabama",30,0.491,24686,47.4,"D",121.526371222555
"4",1007,"Bibb","Alabama",13,0.572,22394,36.4,"D",58.0512637313566
"5",1009,"Blount","Alabama",62,0.459,57826,32.8,"C",107.218206343167
"6",1011,"Bullock","Alabama",8,0.5,10101,56.7,"D",79.2000792000792
"7",1013,"Butler","Alabama",28,0.451,19448,40.9,"C",143.973673385438
"8",1015,"Calhoun","Alabama",133,0.442,113605,48.9,"C",117.0723119581
"9",1017,"Chambers","Alabama",27,0.56,33254,33.1,"D",81.1932399109882
"10",1019,"Cherokee","Alabama",68,0.52,26196,32.4,"B",259.581615513819
"11",1021,"Chilton","Alabama",50,0.618,44428,37.6,"C",112.541640406951
"12",1023,"Choctaw","Alabama",33,0.568,12589,68.6,"C",262.133608706013
"13",1025,"Clarke","Alabama",25,0.43,23622,52.4,"D",105.833545000423
"14",1027,"Clay","Alabama",21,0.329,13235,43.6,"C",158.670192670948
"15",1029,"Cleburne","Alabama",14,0.368,14910,29.6,"B",93.8967136150235
"16",1031,"Coffee","Alabama",48,0.466,52342,48.9,"C",91.7045584807612
"17",1033,"Colbert","Alabama",61,0.51,55241,49.5,"B",110.425227638891
"18",1035,"Conecuh","Alabama",13,0.399,12067,45.3,"C",107.731830612414
"19",1037,"Coosa","Alabama",14,0.384,10663,42,"B",131.295132701866
"20",1039,"Covington","Alabama",66,0.356,37049,39.1,"C",178.142459985425
"21",1041,"Crenshaw","Alabama",29,0.416,13772,35.7,"C",210.572175428405
"22",1043,"Cullman","Alabama",81,0.379,83768,39.3,"C",96.6956355648935
"23",1045,"Dale","Alabama",51,0.46,49172,49.5,"D",103.717562840641
"24",1047,"Dallas","Alabama",44,0.524,37196,47.2,"D",118.292289493494
"25",1049,"DeKalb","Alabama",72,0.58,71513,35.2,"C",100.680995063835
"26",1051,"Elmore","Alabama",63,0.485,81209,48.3,"B",77.5776083931584
"27",1053,"Escambia","Alabama",43,0.387,36633,38,"D",117.380503917233
"28",1055,"Etowah","Alabama",159,0.501,102268,42.4,"C",155.47385301365
"29",1057,"Fayette","Alabama",13,0.429,16302,36.2,"C",79.7448165869219
"30",1059,"Franklin","Alabama",38,0.484,31362,45.3,"C",121.165741980741
"31",1061,"Geneva","Alabama",34,0.445,26271,41.3,"C",129.420273305165
"32",1063,"Greene","Alabama",8,0.623,8111,52.9,"D",98.6314881025767
"33",1065,"Hale","Alabama",19,0.639,14651,63.2,"D",129.683980615658
"34",1067,"Henry","Alabama",13,0.438,17205,46.6,"C",75.5594303981401
"35",1069,"Houston","Alabama",94,0.433,105882,44.7,"C",88.7780737046901
"36",1071,"Jackson","Alabama",75,0.46,51626,51.2,"C",145.275636307287
"37",1073,"Jefferson","Alabama",461,0.628,658573,61.3,"D",69.999832972199
"38",1075,"Lamar","Alabama",35,0.527,13805,45.5,"C",253.53132922854
"39",1077,"Lauderdale","Alabama",96,0.469,92729,48.4,"B",103.527483311585
"40",1079,"Lawrence","Alabama",49,0.419,32924,48.2,"B",148.827602964403
"41",1081,"Lee","Alabama",128,0.562,164542,42.1,"C",77.7916884442878
"42",1083,"Limestone","Alabama",82,0.395,98915,40.3,"B",82.8994591315776
"43",1085,"Lowndes","Alabama",14,0.464,9726,53.5,"D",143.944067448077
"44",1087,"Macon","Alabama",21,0.545,18068,50.7,"D",116.227584680097
"45",1089,"Madison","Alabama",281,0.589,372909,65.5,"B",75.3535044742819
"46",1091,"Marengo","Alabama",22,0.512,18863,55.9,"D",116.630440544982
"47",1093,"Marion","Alabama",24,0.353,29709,37.5,"C",80.7836009290114
"48",1095,"Marshall","Alabama",85,0.479,96774,47.4,"C",87.8335090003513
"49",1097,"Mobile","Alabama",368,0.506,413210,52.1,"D",89.0588320708599
"50",1099,"Monroe","Alabama",38,0.378,20733,45,"C",183.282689432306
"51",1101,"Montgomery","Alabama",205,0.513,226486,54.9,"D",90.5133209116678
"52",1103,"Morgan","Alabama",119,0.459,119679,45,"C",99.432649002749
"53",1105,"Perry","Alabama",10,0.618,8923,50.3,"D",112.069931637342
"54",1107,"Pickens","Alabama",27,0.584,19930,52.7,"D",135.474159558455
"55",1109,"Pike","Alabama",31,0.33,33114,43.8,"D",93.6159932354895
"56",1111,"Randolph","Alabama",66,0.368,22722,34.3,"C",290.467388434117
"57",1113,"Russell","Alabama",186,0.57,57961,44.4,"D",320.905436414141
"58",1115,"St. Clair","Alabama",74,0.495,89512,40.5,"B",82.6704799356511
"59",1117,"Shelby","Alabama",95,0.545,217702,37.8,"A",43.6376330947809
"60",1119,"Sumter","Alabama",16,0.562,12427,54.3,"D",128.751911161181
"61",1121,"Talladega","Alabama",94,0.361,79978,37.8,"D",117.532321388382
"62",1123,"Tallapoosa","Alabama",47,0.406,40367,39.8,"D",116.431738796542
"63",1125,"Tuscaloosa","Alabama",182,0.532,209355,45.4,"C",86.9336772467818
"64",1127,"Walker","Alabama",88,0.429,63521,48.8,"C",138.536861825223
"65",1129,"Washington","Alabama",18,0.495,16326,47.2,"B",110.253583241455
"66",1131,"Wilcox","Alabama",19,0.455,10373,55.4,"D",183.167839583534
"67",1133,"Winston","Alabama",28,0.312,23629,22.6,"C",118.498455287994
"68",2013,"Aleutians East Borough","Alaska",2,0.551,3337,74.9,"C",59.9340725202278
"69",2016,"Aleutians West Census Area","Alaska",1,0.524,5634,64.2,"B",17.749378771743
"70",2020,"Anchorage","Alaska",160,0.663,288000,71,"C",55.5555555555556
"71",2050,"Bethel Census Area","Alaska",15,0.413,18386,68.9,"D",81.5838137713478
"72",2068,"Denali Borough","Alaska",1,0.565,2097,55.7,"A",47.6871721506915
"73",2070,"Dillingham Census Area","Alaska",4,0.484,4916,53.5,"D",81.366965012205
"74",2090,"Fairbanks North Star Borough","Alaska",49,0.413,96849,64.1,"C",50.5942239981827
"75",2100,"Haines Borough","Alaska",0,0.352,2530,71.6,"C",0
"76",2110,"Juneau City and Borough","Alaska",14,0.353,31974,79.9,"B",43.7855757803215
"77",2122,"Kenai Peninsula Borough","Alaska",40,0.662,58708,50.1,"C",68.1338148122913
"78",2130,"Ketchikan Gateway Borough","Alaska",11,0.396,13901,67.5,"C",79.1309977699446
"79",2150,"Kodiak Island Borough","Alaska",2,0.633,12998,67.2,"D",15.3869826127096
"80",2158,"Kusilvak Census Area","Alaska",6,0.347,8314,69.1,"D",72.1674284339668
"81",2170,"Matanuska-Susitna Borough","Alaska",91,0.66,108317,42.5,"B",84.0126665251069
"82",2180,"Nome Census Area","Alaska",4,0.3,10004,71.7,"D",39.984006397441
"83",2185,"North Slope Borough","Alaska",8,0.455,9832,40.3,"D",81.366965012205
"84",2188,"Northwest Arctic Borough","Alaska",11,0.252,7621,63.1,"D",144.33801338407
"85",2195,"Petersburg Borough","Alaska",4,0.365,3266,78.6,"C",122.473974280465
"86",2198,"Prince of Wales-Hyder Census Area","Alaska",4,0.38,6203,54.7,"D",64.4849266483959
"87",2220,"Sitka City and Borough","Alaska",4,0.357,8493,81.3,"B",47.0976097963028
"88",2230,"Skagway Municipality","Alaska",1,0.354,1183,74.6,"B",84.530853761623
"89",2240,"Southeast Fairbanks Census Area","Alaska",7,0.453,6893,43,"C",101.552299434209
"90",2261,"Valdez-Cordova Census Area","Alaska",11,0.663,9202,64.8,"B",119.539230602043
"91",2275,"Wrangell City and Borough","Alaska",0,0.374,2502,60.7,"B",0
"92",2290,"Yukon-Koyukuk Census Area","Alaska",4,0.358,5230,79.3,"D",76.4818355640535
"93",2997,"Bristol Bay plus Lake and Peninsula","Alaska",0,NA,NA,NA,NA,NA
"94",2998,"Yakutat plus Hoonah-Angoon","Alaska",2,NA,NA,NA,NA,NA
"95",4001,"Apache","Arizona",94,0.701,71887,95,"D",130.760777331089
"96",4003,"Cochise","Arizona",153,0.581,125922,71.5,"D",121.503788059275
"97",4005,"Coconino","Arizona",96,0.702,143476,83,"D",66.9101452507737
"98",4007,"Gila","Arizona",97,0.547,54018,62.7,"D",179.569773038617
"99",4009,"Graham","Arizona",27,0.553,38837,67.9,"D",69.5213327496975
"100",4011,"Greenlee","Arizona",12,0.544,9498,45.7,"B",126.342387871131
"101",4012,"La Paz","Arizona",45,0.57,21108,50.3,"D",213.189312109153
"102",4013,"Maricopa","Arizona",4602,0.734,4485414,61.6,"C",102.599224954486
"103",4015,"Mohave","Arizona",423,0.585,212181,44.8,"D",199.358095211164
"104",4017,"Navajo","Arizona",207,0.602,110924,85.5,"D",186.614258411164
"105",4019,"Pima","Arizona",978,0.759,1047279,75,"D",93.3848573302816
"106",4021,"Pinal","Arizona",448,0.667,462789,58.1,"D",96.8043752120297
"107",4023,"Santa Cruz","Arizona",36,0.837,46498,95,"D",77.4226848466601
"108",4025,"Yavapai","Arizona",370,0.639,235099,51.9,"C",157.380507786082
"109",4027,"Yuma","Arizona",240,0.804,213787,76.6,"D",112.261269394304
"110",5001,"Arkansas","Arkansas",28,0.557,17486,58.4,"C",160.128102481986
"111",5003,"Ashley","Arkansas",25,0.595,19657,51.6,"C",127.181156839803
"112",5005,"Baxter","Arkansas",78,0.534,41932,47.9,"B",186.015453591529
"113",5007,"Benton","Arkansas",274,0.643,279141,58,"B",98.1582784327634
"114",5009,"Boone","Arkansas",57,0.416,37432,39.8,"B",152.276127377645
"115",5011,"Bradley","Arkansas",15,0.445,10763,59,"D",139.366347672582
"116",5013,"Calhoun","Arkansas",5,0.404,5189,39.9,"C",96.3576797070726
"117",5015,"Carroll","Arkansas",39,0.577,28380,50.6,"C",137.420718816068
"118",5017,"Chicot","Arkansas",15,0.531,10118,56.5,"D",148.25064241945
"119",5019,"Clark","Arkansas",24,0.518,22320,51,"D",107.52688172043
"120",5021,"Clay","Arkansas",23,0.395,14551,47.5,"B",158.064737818707
"121",5023,"Cleburne","Arkansas",41,0.546,24919,46.6,"B",164.533087202536
"122",5025,"Cleveland","Arkansas",7,0.472,7956,55.1,"B",87.9839115133233
"123",5027,"Columbia","Arkansas",27,0.383,23457,51.1,"D",115.104233277913
"124",5029,"Conway","Arkansas",29,0.325,20846,56.1,"C",139.115417825962
"125",5031,"Craighead","Arkansas",117,0.32,110332,49.5,"D",106.043577565892
"126",5033,"Crawford","Arkansas",96,0.367,63257,47.6,"C",151.761860347471
"127",5035,"Crittenden","Arkansas",51,0.508,47955,48.1,"D",106.349702846419
"128",5037,"Cross","Arkansas",28,0.404,16419,53.1,"D",170.534137279981
"129",5039,"Dallas","Arkansas",18,0.459,7009,58.2,"C",256.812669425025
"130",5041,"Desha","Arkansas",9,0.509,11361,62.8,"D",79.21837866385
"131",5043,"Drew","Arkansas",22,0.523,18219,49.8,"C",120.753059992316
"132",5045,"Faulkner","Arkansas",111,0.426,126007,53.5,"C",88.0903441872277
"133",5047,"Franklin","Arkansas",21,0.34,17715,50,"C",118.543607112616
"134",5049,"Fulton","Arkansas",21,0.351,12477,36,"C",168.309689829286
"135",5051,"Garland","Arkansas",137,0.596,99386,48.2,"D",137.846376753265
"136",5053,"Grant","Arkansas",13,0.489,18265,48.2,"A",71.1743772241993
"137",5055,"Greene","Arkansas",55,0.297,45325,45.4,"C",121.34583563155
"138",5057,"Hempstead","Arkansas",30,0.554,21532,43,"D",139.327512539476
"139",5059,"Hot Spring","Arkansas",44,0.56,33771,45,"C",130.289301471677
"140",5061,"Howard","Arkansas",19,0.56,13202,56.8,"D",143.917588244205
"141",5063,"Independence","Arkansas",58,0.44,37825,45.3,"C",153.337739590218
"142",5065,"Izard","Arkansas",21,0.43,13629,43.8,"C",154.083204930663
"143",5067,"Jackson","Arkansas",27,0.468,16719,41.1,"C",161.492912255518
"144",5069,"Jefferson","Arkansas",75,0.577,66824,48.9,"D",112.235125104753
"145",5071,"Johnson","Arkansas",33,0.328,26578,51.5,"D",124.162841447814
"146",5073,"Lafayette","Arkansas",3,0.486,6624,43.9,"D",45.2898550724638
"147",5075,"Lawrence","Arkansas",24,0.337,16406,48.8,"C",146.287943435329
"148",5077,"Lee","Arkansas",13,0.407,8857,41.7,"D",146.776560912273
"149",5079,"Lincoln","Arkansas",12,0.554,13024,37,"B",92.1375921375921
"150",5081,"Little River","Arkansas",24,0.499,12259,42.9,"B",195.774532996166
"151",5083,"Logan","Arkansas",31,0.479,21466,49.4,"C",144.414422808162
"152",5085,"Lonoke","Arkansas",87,0.474,73309,50,"B",118.675742405435
"153",5087,"Madison","Arkansas",23,0.564,16576,45.9,"C",138.754826254826
"154",5089,"Marion","Arkansas",23,0.49,16694,37.4,"B",137.774050557086
"155",5091,"Miller","Arkansas",53,0.487,43257,34,"D",122.523522204499
"156",5093,"Mississippi","Arkansas",71,0.44,40651,43,"D",174.65745000123
"157",5095,"Monroe","Arkansas",12,0.406,6701,60.3,"D",179.077749589613
"158",5097,"Montgomery","Arkansas",13,0.521,8986,38.5,"C",144.669485866904
"159",5099,"Nevada","Arkansas",5,0.501,8252,47.9,"C",60.5913717886573
"160",5101,"Newton","Arkansas",8,0.408,7753,35.7,"A",103.185863536695
"161",5103,"Ouachita","Arkansas",30,0.449,23382,55.9,"D",128.303823453939
"162",5105,"Perry","Arkansas",16,0.404,10455,54,"B",153.036824485892
"163",5107,"Phillips","Arkansas",21,0.477,17782,52.2,"D",118.096951973906
"164",5109,"Pike","Arkansas",13,0.501,10718,43.7,"C",121.291285687628
"165",5111,"Poinsett","Arkansas",32,0.397,23528,47.7,"C",136.008160489629
"166",5113,"Polk","Arkansas",31,0.446,19964,38.1,"D",155.27950310559
"167",5115,"Pope","Arkansas",60,0.302,64072,51.6,"D",93.6446497690099
"168",5117,"Prairie","Arkansas",15,0.391,8062,46.1,"B",186.058050111635
"169",5119,"Pulaski","Arkansas",329,0.644,391911,63.1,"D",83.9476309672349
"170",5121,"Randolph","Arkansas",35,0.311,17958,43.9,"C",194.899209266065
"171",5123,"St. Francis","Arkansas",33,0.35,24994,52.3,"D",132.031687605025
"172",5125,"Saline","Arkansas",128,0.524,122437,54.6,"B",104.543561178402
"173",5127,"Scott","Arkansas",14,0.458,10281,50.9,"D",136.173523976267
"174",5129,"Searcy","Arkansas",21,0.538,7881,40.5,"B",266.463646745337
"175",5131,"Sebastian","Arkansas",156,0.372,127827,53,"D",122.039944612641
"176",5133,"Sevier","Arkansas",21,0.467,17007,48.4,"D",123.478567648615
"177",5135,"Sharp","Arkansas",41,0.333,17442,42.3,"C",235.064786148377
"178",5137,"Stone","Arkansas",28,0.498,12506,39.1,"C",223.892531584839
"179",5139,"Union","Arkansas",51,0.344,38682,51.8,"C",131.844268652086
"180",5141,"Van Buren","Arkansas",21,0.539,16545,44,"D",126.926563916591
"181",5143,"Washington","Arkansas",178,0.651,239187,60.4,"D",74.4187602169014
"182",5145,"White","Arkansas",121,0.491,78753,45.8,"D",153.644940510203
"183",5147,"Woodruff","Arkansas",9,0.454,6320,58.1,"C",142.405063291139
"184",5149,"Yell","Arkansas",29,0.474,21341,51.5,"C",135.888665011012
"185",6001,"Alameda","California",551,0.795,1671329,86,"C",32.9677759435754
"186",6003,"Alpine","California",0,0.612,NA,NA,NA,NA
"187",6005,"Amador","California",26,0.655,39752,50.8,"C",65.4055141879654
"188",6007,"Butte","California",186,0.626,219186,55.4,"D",84.8594344529304
"189",6009,"Calaveras","California",42,0.562,45905,45.3,"B",91.4933013832916
"190",6011,"Colusa","California",29,0.7,21547,63,"D",134.589502018843
"191",6013,"Contra Costa","California",431,0.806,1153526,84.8,"B",37.3637005147695
"192",6015,"Del Norte","California",18,0.547,27812,45.4,"D",64.7202646339709
"193",6017,"El Dorado","California",129,0.675,192843,64.4,"A",66.893794433814
"194",6019,"Fresno","California",541,0.741,999101,63.2,"D",54.1486796630171
"195",6021,"Glenn","California",51,0.594,28393,57.1,"D",179.621737752263
"196",6023,"Humboldt","California",43,0.865,135558,68.5,"D",31.7207394620753
"197",6025,"Imperial","California",221,0.836,181215,95,"D",121.954584333526
"198",6027,"Inyo","California",13,0.889,NA,NA,NA,NA
"199",6029,"Kern","California",665,0.668,900202,55.6,"D",73.872308659612
"200",6031,"Kings","California",81,0.766,152940,52.6,"D",52.961945861122
"201",6033,"Lake","California",43,0.849,64386,61,"D",66.7847047494797
"202",6035,"Lassen","California",40,0.482,30573,39,"C",130.834396362804
"203",6037,"Los Angeles","California",7034,0.786,10039107,74.9,"D",70.065992921482
"204",6039,"Madera","California",186,0.751,157327,55.7,"D",118.225098044201
"205",6041,"Marin","California",68,0.802,258826,92.7,"B",26.2724764899971
"206",6043,"Mariposa","California",26,0.661,NA,NA,NA,NA
"207",6045,"Mendocino","California",48,0.77,86749,69.7,"D",55.3320499371751
"208",6047,"Merced","California",184,0.703,277680,48.3,"D",66.263324690291
"209",6049,"Modoc","California",17,0.615,NA,NA,NA,NA
"210",6051,"Mono","California",13,0.88,NA,NA,NA,NA
"211",6053,"Monterey","California",154,0.763,434061,76.1,"D",35.4788843042798
"212",6055,"Napa","California",57,0.773,137744,81,"C",41.3811127889418
"213",6057,"Nevada","California",55,0.682,99755,66.7,"A",55.1350809483234
"214",6059,"Orange","California",1784,0.754,3175692,74.6,"C",56.1767325042857
"215",6061,"Placer","California",183,0.693,398329,69.8,"A",45.9419223807456
"216",6063,"Plumas","California",35,0.671,NA,NA,NA,NA
"217",6065,"Riverside","California",2278,0.803,2470546,61.6,"D",92.2063381940672
"218",6067,"Sacramento","California",1047,0.722,1552058,70.2,"D",67.4588191936126
"219",6069,"San Benito","California",31,0.739,62808,69.7,"C",49.3567698382372
"220",6071,"San Bernardino","California",2101,0.768,2180085,59.9,"D",96.3723891499643
"221",6073,"San Diego","California",1360,0.8,3338330,80.8,"C",40.7389323404217
"222",6075,"San Francisco","California",422,0.817,881549,87.7,"B",47.8702828770721
"223",6077,"San Joaquin","California",461,0.68,762148,58,"D",60.4869395445504
"224",6079,"San Luis Obispo","California",169,0.745,283111,62.9,"B",59.693900978768
"225",6081,"San Mateo","California",241,0.786,766573,88.1,"B",31.4386235883601
"226",6083,"Santa Barbara","California",179,0.737,446499,73.9,"D",40.0896754528006
"227",6085,"Santa Clara","California",625,0.764,1927852,89.9,"B",32.4195010820333
"228",6087,"Santa Cruz","California",111,0.797,273213,81.3,"C",40.6276421692965
"229",6089,"Shasta","California",199,0.547,180080,51.5,"C",110.506441581519
"230",6091,"Sierra","California",5,0.617,NA,NA,NA,NA
"231",6093,"Siskiyou","California",44,0.546,43539,55.8,"C",101.058820827304
"232",6095,"Solano","California",320,0.728,447643,71.4,"C",71.4855364654423
"233",6097,"Sonoma","California",139,0.795,494336,81,"C",28.1185266701191
"234",6099,"Stanislaus","California",327,0.705,550660,50.3,"D",59.3832855119311
"235",6101,"Sutter","California",52,0.669,96971,62.9,"D",53.6242794237452
"236",6103,"Tehama","California",80,0.545,65084,44.6,"D",122.918075102944
"237",6105,"Trinity","California",12,0.592,NA,NA,NA,NA
"238",6107,"Tulare","California",386,0.685,466195,56.1,"D",82.7979708062077
"239",6109,"Tuolumne","California",63,0.653,54478,52.9,"C",115.643011857998
"240",6111,"Ventura","California",394,0.777,846006,74.3,"C",46.571773722645
"241",6113,"Yolo","California",156,0.791,220500,73.7,"C",70.7482993197279
"242",6115,"Yuba","California",52,0.669,78668,57.2,"D",66.1005745665328
"243",8001,"Adams","Colorado",375,0.685,517421,71.6,"C",72.4748319067065
"244",8003,"Alamosa","Colorado",12,0.493,16233,58.5,"D",73.9234891886897
"245",8005,"Arapahoe","Colorado",321,0.703,656590,71.5,"B",48.8889565786868
"246",8007,"Archuleta","Colorado",13,0.488,14029,59.7,"B",92.6651935276926
"247",8009,"Baca","Colorado",10,0.435,3581,40.6,"C",279.251605696733
"248",8011,"Bent","Colorado",8,0.567,5577,27.6,"D",143.446297292451
"249",8013,"Boulder","Colorado",104,0.75,326196,82.6,"A",31.8826717678941
"250",8014,"Broomfield","Colorado",31,0.734,70465,83.7,"A",43.9934719364223
"251",8015,"Chaffee","Colorado",18,0.645,20356,66.2,"C",88.4260168991943
"252",8017,"Cheyenne","Colorado",4,0.292,1831,34.6,"A",218.459858001092
"253",8019,"Clear Creek","Colorado",6,0.723,9700,51,"A",61.8556701030928
"254",8021,"Conejos","Colorado",14,0.545,8205,51.3,"D",170.627666057282
"255",8023,"Costilla","Colorado",6,0.644,3887,62.1,"D",154.360689477746
"256",8025,"Crowley","Colorado",5,0.59,6061,22.4,"D",82.4946378485398
"257",8027,"Custer","Colorado",11,0.498,5068,51.5,"A",217.048145224941
"258",8029,"Delta","Colorado",32,0.45,31162,49.4,"C",102.689172710352
"259",8031,"Denver","Colorado",395,0.707,727211,80.1,"C",54.3171101647252
"260",8033,"Dolores","Colorado",3,0.591,2055,43.3,"A",145.985401459854
"261",8035,"Douglas","Colorado",137,0.673,351154,76.8,"A",39.0142216805162
"262",8037,"Eagle","Colorado",7,0.687,55127,85.9,"B",12.6979520017414
"263",8039,"Elbert","Colorado",17,0.505,26729,39,"A",63.6013318867148
"264",8041,"El Paso","Colorado",470,0.603,720403,68.1,"B",65.2412607943054
"265",8043,"Fremont","Colorado",48,0.663,47839,48.2,"C",100.336545496352
"266",8045,"Garfield","Colorado",25,0.532,60061,66.9,"C",41.6243485789447
"267",8047,"Gilpin","Colorado",4,0.785,6243,60.1,"A",64.0717603716162
"268",8049,"Grand","Colorado",10,0.754,15734,65.3,"A",63.5566289564002
"269",8051,"Gunnison","Colorado",3,0.581,17462,71.9,"A",17.180162638873
"270",8053,"Hinsdale","Colorado",0,0.519,820,69.3,"B",0
"271",8055,"Huerfano","Colorado",13,0.595,6897,56.1,"B",188.487748296361
"272",8057,"Jackson","Colorado",1,0.52,1392,47.6,"A",71.8390804597701
"273",8059,"Jefferson","Colorado",414,0.673,582881,80.9,"A",71.0265045523872
"274",8061,"Kiowa","Colorado",2,0.492,1406,38.1,"A",142.247510668563
"275",8063,"Kit Carson","Colorado",10,0.19,7097,40.2,"C",140.904607580668
"276",8065,"Lake","Colorado",1,0.753,8127,62,"B",12.3046634674542
"277",8067,"La Plata","Colorado",28,0.541,56221,73.3,"B",49.8034542252895
"278",8069,"Larimer","Colorado",182,0.659,356899,71.2,"A",50.9948192625925
"279",8071,"Las Animas","Colorado",18,0.648,14506,63.4,"D",124.086584861437
"280",8073,"Lincoln","Colorado",3,0.321,5701,37.2,"C",52.6223469566743
"281",8075,"Logan","Colorado",22,0.251,22409,39.4,"C",98.1748404658842
"282",8077,"Mesa","Colorado",154,0.499,154210,52,"C",99.8638220608262
"283",8079,"Mineral","Colorado",3,0.478,769,87.6,"A",390.117035110533
"284",8081,"Moffat","Colorado",10,0.371,13283,45.1,"D",75.2841978468719
"285",8083,"Montezuma","Colorado",35,0.586,26183,72.3,"C",133.674521636176
"286",8085,"Montrose","Colorado",34,0.436,42758,51.3,"C",79.517283315403
"287",8087,"Morgan","Colorado",20,0.396,29068,49.9,"D",68.8041832943443
"288",8089,"Otero","Colorado",20,0.653,18278,50.8,"D",109.421162052741
"289",8091,"Ouray","Colorado",0,0.495,4952,69.6,"A",0
"290",8093,"Park","Colorado",11,0.722,18845,49.3,"A",58.3709206686124
"291",8095,"Phillips","Colorado",5,0.368,4265,53.9,"B",117.233294255569
"292",8097,"Pitkin","Colorado",2,0.633,17767,87,"A",11.2568244498227
"293",8099,"Prowers","Colorado",9,0.469,12172,44.4,"D",73.9401906013802
"294",8101,"Pueblo","Colorado",201,0.584,168424,59,"D",119.341661520923
"295",8103,"Rio Blanco","Colorado",5,0.458,6324,39.8,"B",79.0638836179633
"296",8105,"Rio Grande","Colorado",7,0.444,11267,65.7,"D",62.1283393982427
"297",8107,"Routt","Colorado",10,0.489,25638,78.9,"A",39.0046025431001
"298",8109,"Saguache","Colorado",8,0.443,6824,37.1,"D",117.233294255569
"299",8111,"San Juan","Colorado",0,0.563,728,95,"B",0
"300",8113,"San Miguel","Colorado",1,0.565,8179,86.6,"A",12.2264335493337
"301",8115,"Sedgwick","Colorado",7,0.368,2248,54.1,"D",311.387900355872
"302",8117,"Summit","Colorado",3,0.784,31011,88,"A",9.67398664989842
"303",8119,"Teller","Colorado",14,0.597,25388,56,"A",55.1441625965023
"304",8121,"Washington","Colorado",9,0.31,4908,32.3,"A",183.374083129584
"305",8123,"Weld","Colorado",180,0.55,324492,63.6,"C",55.471321326874
"306",8125,"Yuma","Colorado",5,0.29,10019,45.4,"B",49.9051801577004
"307",9001,"Fairfield","Connecticut",551,0.78,943332,86.2,"C",58.4099765512036
"308",9003,"Hartford","Connecticut",686,0.767,891720,79.2,"C",76.9299780200063
"309",9005,"Litchfield","Connecticut",132,0.812,180333,78.5,"A",73.1979171865382
"310",9007,"Middlesex","Connecticut",114,0.807,162436,86.9,"A",70.1814868625182
"311",9009,"New Haven","Connecticut",717,0.795,854757,82.2,"C",83.883489693562
"312",9011,"New London","Connecticut",228,0.747,265206,82.6,"B",85.9709056356191
"313",9013,"Tolland","Connecticut",96,0.81,150721,69.6,"A",63.6938449187572
"314",9015,"Windham","Connecticut",90,0.718,116782,66.6,"B",77.0666712335805
"315",10001,"Kent","Delaware",220,0.811,180786,59.1,"D",121.690838892392
"316",10003,"New Castle","Delaware",435,0.786,558753,73.4,"B",77.8519309963436
"317",10005,"Sussex","Delaware",273,0.856,234225,72.8,"B",116.554594940762
"318",11001,"District of Columbia","District of Columbia",276,0.743,705749,86.6,"C",39.1073880373901
"319",12001,"Alachua","Florida",259,0.751,269043,69.2,"C",96.2671394535446
"320",12003,"Baker","Florida",29,0.442,29210,37.5,"B",99.2810681273536
"321",12005,"Bay","Florida",182,0.548,174705,55.5,"C",104.17561031453
"322",12007,"Bradford","Florida",45,0.381,28201,47,"D",159.56880961668
"323",12009,"Brevard","Florida",659,0.607,601942,67.1,"B",109.478986347522
"324",12011,"Broward","Florida",1587,0.791,1952778,73.6,"D",81.2688385469316
"325",12013,"Calhoun","Florida",22,0.507,14105,35.6,"C",155.973059198866
"326",12015,"Charlotte","Florida",295,0.64,188910,68,"C",156.159017521571
"327",12017,"Citrus","Florida",272,0.609,149657,58.1,"C",181.748932559119
"328",12019,"Clay","Florida",251,0.52,219252,56.1,"B",114.480141572255
"329",12021,"Collier","Florida",250,0.658,384902,73.4,"C",64.9515980691189
"330",12023,"Columbia","Florida",138,0.385,71686,43.4,"D",192.50620762771
"331",12027,"DeSoto","Florida",31,0.715,38001,48.8,"D",81.5768006105102
"332",12029,"Dixie","Florida",33,0.397,16826,35.5,"D",196.125044573874
"333",12031,"Duval","Florida",883,0.629,957755,63.1,"D",92.1947679730202
"334",12033,"Escambia","Florida",343,0.524,318316,57.8,"D",107.754558363387
"335",12035,"Flagler","Florida",144,0.602,115081,65.8,"B",125.129256784352
"336",12037,"Franklin","Florida",11,0.412,12125,49.6,"D",90.7216494845361
"337",12039,"Gadsden","Florida",78,0.575,45660,59.7,"D",170.827858081472
"338",12041,"Gilchrist","Florida",39,0.44,18582,37.7,"D",209.880529544721
"339",12043,"Glades","Florida",4,0.677,13811,35,"D",28.9624212584172
"340",12045,"Gulf","Florida",22,0.46,13639,54.1,"C",161.302148251338
"341",12047,"Hamilton","Florida",9,0.365,14428,36.1,"D",62.3787080676462
"342",12049,"Hardee","Florida",36,0.48,26937,44,"D",133.645172068159
"343",12051,"Hendry","Florida",28,0.65,42022,51.8,"D",66.6317643139308
"344",12053,"Hernando","Florida",319,0.589,193920,56.7,"C",164.500825082508
"345",12055,"Highlands","Florida",208,0.635,106221,54.3,"D",195.81815271933
"346",12057,"Hillsborough","Florida",1148,0.722,1471968,65.6,"D",77.9908258875193
"347",12059,"Holmes","Florida",33,0.562,19617,30.3,"D",168.221440587246
"348",12061,"Indian River","Florida",179,0.607,159923,69.7,"C",111.92886576665
"349",12063,"Jackson","Florida",49,0.526,46414,44.7,"D",105.571594777438
"350",12065,"Jefferson","Florida",33,0.682,14246,61,"C",231.64397023726
"351",12067,"Lafayette","Florida",13,0.389,8422,40.4,"D",154.357634766089
"352",12069,"Lake","Florida",500,0.632,367118,68.2,"C",136.195991479579
"353",12071,"Lee","Florida",616,0.648,770577,64.6,"C",79.9400968365264
"354",12073,"Leon","Florida",238,0.7,293582,58.9,"C",81.0676403866722
"355",12075,"Levy","Florida",71,0.592,41503,48.7,"D",171.071970700913
"356",12077,"Liberty","Florida",11,0.482,8354,34.7,"C",131.673449844386
"357",12079,"Madison","Florida",35,0.34,18493,48.6,"D",189.260801384308
"358",12081,"Manatee","Florida",455,0.626,403253,64.3,"C",112.832390583579
"359",12083,"Marion","Florida",622,0.543,365579,58.7,"D",170.141063901373
"360",12085,"Martin","Florida",218,0.719,161000,65.7,"B",135.403726708075
"361",12086,"Miami-Dade","Florida",2753,0.756,2716940,88.4,"D",101.327228426097
"362",12087,"Monroe","Florida",35,0.819,74228,81.3,"C",47.152018106375
"363",12089,"Nassau","Florida",91,0.47,88625,60,"B",102.679830747532
"364",12091,"Okaloosa","Florida",168,0.469,210738,66.5,"C",79.7198416991715
"365",12093,"Okeechobee","Florida",36,0.715,42168,47.8,"D",85.3727945361412
"366",12095,"Orange","Florida",908,0.724,1393452,71.9,"D",65.1619144398228
"367",12097,"Osceola","Florida",308,0.72,375751,75.8,"D",81.9691763960708
"368",12099,"Palm Beach","Florida",1496,0.784,1496770,68.7,"D",99.9485558903506
"369",12101,"Pasco","Florida",578,0.709,553947,61.2,"C",104.342112151524
"370",12103,"Pinellas","Florida",1151,0.75,974996,67,"C",118.051766366221
"371",12105,"Polk","Florida",825,0.63,724777,59.4,"D",113.828115406532
"372",12107,"Putnam","Florida",76,0.581,74521,43.3,"D",101.984675460608
"373",12109,"St. Johns","Florida",195,0.561,264672,72.6,"A",73.6760972071092
"374",12111,"St. Lucie","Florida",328,0.648,328297,60.6,"D",99.9095331361542
"375",12113,"Santa Rosa","Florida",159,0.453,184313,56,"B",86.2662970056372
"376",12115,"Sarasota","Florida",631,0.704,433742,72.6,"B",145.478187493948
"377",12117,"Seminole","Florida",343,0.717,471826,64,"B",72.6962905816975
"378",12119,"Sumter","Florida",201,0.628,132420,83.3,"B",151.789759855007
"379",12121,"Suwannee","Florida",86,0.369,44417,39.7,"D",193.619560078348
"380",12123,"Taylor","Florida",33,0.476,21569,41.8,"D",152.997357318374
"381",12125,"Union","Florida",24,0.473,15237,36.9,"C",157.511321126206
"382",12127,"Volusia","Florida",617,0.618,553284,61.5,"C",111.515966483759
"383",12129,"Wakulla","Florida",35,0.429,33739,46.1,"A",103.737514449154
"384",12131,"Walton","Florida",55,0.512,74071,51.1,"C",74.2530815028824
"385",12133,"Washington","Florida",46,0.557,25473,33.4,"D",180.583362776273
"386",13001,"Appling","Georgia",27,0.416,18386,37,"D",146.850864788426
"387",13003,"Atkinson","Georgia",18,0.445,8165,41.2,"D",220.453153704838
"388",13005,"Bacon","Georgia",17,0.421,11164,31.5,"D",152.275170189896
"389",13007,"Baker","Georgia",1,0.743,3038,53,"C",32.916392363397
"390",13009,"Baldwin","Georgia",57,0.494,44890,45.9,"D",126.977055023391
"391",13011,"Banks","Georgia",29,0.399,19234,31.5,"C",150.774669855464
"392",13013,"Barrow","Georgia",77,0.568,83240,41.6,"C",92.5036040365209
"393",13015,"Bartow","Georgia",100,0.47,107738,38.5,"C",92.8177616068611
"394",13017,"Ben Hill","Georgia",12,0.483,16700,39.9,"D",71.8562874251497
"395",13019,"Berrien","Georgia",23,0.46,19397,35.1,"C",118.575037376914
"396",13021,"Bibb","Georgia",146,0.487,153159,47.9,"D",95.3257725631533
"397",13023,"Bleckley","Georgia",23,0.508,12873,37.7,"C",178.668531033947
"398",13025,"Brantley","Georgia",26,0.51,19109,26.8,"B",136.06154168193
"399",13027,"Brooks","Georgia",20,0.385,15457,49.8,"D",129.391214336547
"400",13029,"Bryan","Georgia",32,0.595,39627,56.1,"B",80.7530219294925
"401",13031,"Bulloch","Georgia",55,0.424,79608,35.5,"D",69.0885338156969
"402",13033,"Burke","Georgia",35,0.492,22383,59.2,"C",156.368672653353
"403",13035,"Butts","Georgia",50,0.53,24936,35.5,"C",200.513314084055
"404",13037,"Calhoun","Georgia",3,0.737,6189,50,"D",48.4730974309258
"405",13039,"Camden","Georgia",38,0.456,54666,58.1,"C",69.5130428419859
"406",13043,"Candler","Georgia",17,0.477,10803,43.7,"D",157.363695269832
"407",13045,"Carroll","Georgia",122,0.457,119992,39.4,"D",101.673444896326
"408",13047,"Catoosa","Georgia",140,0.375,67580,46.2,"B",207.161882213673
"409",13049,"Charlton","Georgia",19,0.495,13392,26.2,"D",141.875746714456
"410",13051,"Chatham","Georgia",267,0.624,289430,58.6,"D",92.2502850430156
"411",13053,"Chattahoochee","Georgia",1,0.545,10907,95,"C",9.16842394792335
"412",13055,"Chattooga","Georgia",36,0.451,24789,39.3,"D",145.225704949776
"413",13057,"Cherokee","Georgia",188,0.584,258773,51.4,"A",72.6505470045175
"414",13059,"Clarke","Georgia",64,0.603,128331,48.7,"D",49.8710366162502
"415",13061,"Clay","Georgia",9,0.562,2834,71.2,"D",317.57233592096
"416",13063,"Clayton","Georgia",270,0.624,292256,45.9,"D",92.3847585678309
"417",13065,"Clinch","Georgia",9,0.58,6618,41.4,"D",135.99274705349
"418",13067,"Cobb","Georgia",563,0.572,760141,60.7,"B",74.0652063235637
"419",13069,"Coffee","Georgia",55,0.404,43273,38.5,"D",127.100039285467
"420",13071,"Colquitt","Georgia",70,0.394,45600,41.1,"D",153.508771929825
"421",13073,"Columbia","Georgia",102,0.547,156714,53,"A",65.0867184807994
"422",13075,"Cook","Georgia",15,0.441,17270,42.3,"D",86.8558193398958
"423",13077,"Coweta","Georgia",120,0.455,148509,46.2,"B",80.8031836454356
"424",13079,"Crawford","Georgia",17,0.468,12404,42.5,"C",137.052563689133
"425",13081,"Crisp","Georgia",25,0.635,22372,45.2,"D",111.746826390131
"426",13083,"Dade","Georgia",33,0.27,16116,48.6,"C",204.765450483991
"427",13085,"Dawson","Georgia",27,0.571,26108,41.3,"A",103.416577294316
"428",13087,"Decatur","Georgia",28,0.516,26404,50.6,"D",106.044538706257
"429",13089,"DeKalb","Georgia",500,0.704,759297,59.5,"D",65.8503852906043
"430",13091,"Dodge","Georgia",31,0.443,20605,36.6,"D",150.448920165009
"431",13093,"Dooly","Georgia",12,0.627,13390,38.5,"D",89.6191187453323
"432",13095,"Dougherty","Georgia",122,0.726,87956,51.2,"D",138.705716494611
"433",13097,"Douglas","Georgia",140,0.591,146343,48.3,"C",95.6656621772138
"434",13099,"Early","Georgia",7,0.485,10190,50.2,"D",68.6947988223749
"435",13101,"Echols","Georgia",1,0.446,4006,31.8,"C",24.9625561657514
"436",13103,"Effingham","Georgia",35,0.475,64296,39.9,"B",54.4357347268881
"437",13105,"Elbert","Georgia",26,0.503,19194,43.7,"D",135.458997603418
"438",13107,"Emanuel","Georgia",21,0.5,22646,41.5,"D",92.7316082310342
"439",13109,"Evans","Georgia",14,0.372,10654,41.6,"D",131.406044678055
"440",13111,"Fannin","Georgia",62,0.6,26188,43.7,"B",236.749656331144
"441",13113,"Fayette","Georgia",117,0.505,114421,64.6,"A",102.253956878545
"442",13115,"Floyd","Georgia",146,0.395,98498,44.1,"D",148.22635992609
"443",13117,"Forsyth","Georgia",144,0.641,244252,55,"A",58.9555049702766
"444",13119,"Franklin","Georgia",29,0.425,23349,37.3,"C",124.202321298557
"445",13121,"Fulton","Georgia",706,0.662,1063937,59.1,"C",66.3573125100452
"446",13123,"Gilmer","Georgia",50,0.545,31369,42.3,"C",159.39303133667
"447",13125,"Glascock","Georgia",8,0.541,2971,33.9,"C",269.269606193201
"448",13127,"Glynn","Georgia",87,0.485,85292,53.1,"D",102.002532476668
"449",13129,"Gordon","Georgia",88,0.369,57963,38.8,"D",151.820989251764
"450",13131,"Grady","Georgia",21,0.417,24633,45.2,"D",85.2514919011083
"451",13133,"Greene","Georgia",16,0.658,18324,56.6,"C",87.3171796550971
"452",13135,"Gwinnett","Georgia",480,0.639,936250,57.1,"C",51.2683578104139
"453",13137,"Habersham","Georgia",63,0.43,45328,41.3,"C",138.986939639958
"454",13139,"Hall","Georgia",210,0.545,204441,46.7,"D",102.719121898249
"455",13141,"Hancock","Georgia",8,0.575,8457,50.1,"D",94.5961925032517
"456",13143,"Haralson","Georgia",53,0.345,29792,34.4,"B",177.900107411386
"457",13145,"Harris","Georgia",26,0.551,35236,50.4,"A",73.7881711885572
"458",13147,"Hart","Georgia",36,0.5,26205,39.5,"D",137.378362907842
"459",13149,"Heard","Georgia",18,0.471,11923,29.4,"D",150.9687159272
"460",13151,"Henry","Georgia",201,0.578,234561,46.1,"B",85.6919948329006
"461",13153,"Houston","Georgia",106,0.581,157863,52.5,"C",67.1468298461324
"462",13155,"Irwin","Georgia",13,0.46,9416,37.7,"D",138.062871707732
"463",13157,"Jackson","Georgia",75,0.434,72977,43.6,"B",102.772106280061
"464",13159,"Jasper","Georgia",20,0.56,14219,36.1,"C",140.656867571559
"465",13161,"Jeff Davis","Georgia",13,0.39,15115,32,"D",86.0072775388687
"466",13163,"Jefferson","Georgia",24,0.493,15362,55.5,"D",156.229657596667
"467",13165,"Jenkins","Georgia",5,0.488,8676,39,"D",57.6302443522361
"468",13167,"Johnson","Georgia",20,0.468,9643,36.3,"D",207.404334750596
"469",13169,"Jones","Georgia",27,0.43,28735,45.2,"B",93.9620671654776
"470",13171,"Lamar","Georgia",25,0.406,19077,35.8,"C",131.047858677989
"471",13173,"Lanier","Georgia",13,0.502,10423,28.1,"C",124.724167706035
"472",13175,"Laurens","Georgia",63,0.391,47546,48.1,"D",132.503260000841
"473",13177,"Lee","Georgia",27,0.732,29992,47.9,"B",90.0240064017071
"474",13179,"Liberty","Georgia",28,0.614,61435,69.1,"D",45.5766257019614
"475",13181,"Lincoln","Georgia",5,0.479,7921,47.7,"C",63.1233430122459
"476",13183,"Long","Georgia",7,0.621,19559,22.5,"D",35.7891507745795
"477",13185,"Lowndes","Georgia",100,0.435,117406,41.4,"D",85.1745225968008
"478",13187,"Lumpkin","Georgia",25,0.504,33610,35.7,"B",74.3826242189824
"479",13189,"McDuffie","Georgia",31,0.488,21312,46.3,"D",145.457957957958
"480",13191,"McIntosh","Georgia",7,0.481,14378,42.7,"C",48.6854917234664
"481",13193,"Macon","Georgia",7,0.55,12947,44.6,"D",54.0665791303005
"482",13195,"Madison","Georgia",35,0.511,29880,44.5,"C",117.135207496653
"483",13197,"Marion","Georgia",15,0.433,8359,43.1,"D",179.447302308889
"484",13199,"Meriwether","Georgia",36,0.517,21167,43.1,"D",170.076061794302
"485",13201,"Miller","Georgia",8,0.539,5718,55.9,"D",139.909059111577
"486",13205,"Mitchell","Georgia",23,0.63,21863,49.4,"D",105.200567168275
"487",13207,"Monroe","Georgia",30,0.455,27578,43.4,"B",108.782362752919
"488",13209,"Montgomery","Georgia",11,0.401,9172,37,"D",119.930222416049
"489",13211,"Morgan","Georgia",19,0.614,19276,46.7,"A",98.568167669641
"490",13213,"Murray","Georgia",52,0.417,40096,38.2,"C",129.688747007183
"491",13215,"Muscogee","Georgia",225,0.555,195769,47.1,"D",114.931373200047
"492",13217,"Newton","Georgia",118,0.5,111744,43.8,"C",105.598510882016
"493",13219,"Oconee","Georgia",32,0.611,40280,58.9,"A",79.4438927507448
"494",13221,"Oglethorpe","Georgia",19,0.627,15259,43.5,"C",124.516678681434
"495",13223,"Paulding","Georgia",114,0.494,168667,38.7,"A",67.5887992316221
"496",13225,"Peach","Georgia",33,0.567,27546,47,"D",119.799607928556
"497",13227,"Pickens","Georgia",58,0.555,32591,42.7,"B",177.963241385659
"498",13229,"Pierce","Georgia",37,0.522,19465,34.5,"B",190.084767531467
"499",13231,"Pike","Georgia",34,0.542,18962,33.5,"A",179.305980381816
"500",13233,"Polk","Georgia",46,0.485,42613,40.3,"D",107.948278694295
"501",13235,"Pulaski","Georgia",16,0.575,11137,38.4,"D",143.66525994433
"502",13237,"Putnam","Georgia",23,0.516,22119,44.6,"C",103.98300103983
"503",13239,"Quitman","Georgia",12,0.538,2299,35.1,"D",521.966072205307
"504",13241,"Rabun","Georgia",26,0.464,17137,47.8,"C",151.718503822139
"505",13243,"Randolph","Georgia",5,0.669,6778,48.5,"D",73.7680731779286
"506",13245,"Richmond","Georgia",192,0.578,202518,51.7,"D",94.8063875803632
"507",13247,"Rockdale","Georgia",78,0.534,90896,52.7,"D",85.812356979405
"508",13249,"Schley","Georgia",4,0.497,5257,36,"C",76.0890241582652
"509",13251,"Screven","Georgia",13,0.41,13966,49.7,"D",93.0832020621509
"510",13253,"Seminole","Georgia",21,0.51,8090,47,"D",259.579728059333
"511",13255,"Spalding","Georgia",101,0.509,66703,41.8,"D",151.417477474776
"512",13257,"Stephens","Georgia",53,0.37,25925,42.8,"D",204.43587270974
"513",13259,"Stewart","Georgia",6,0.517,6621,33.6,"D",90.6207521522429
"514",13261,"Sumter","Georgia",38,0.641,29524,54.1,"D",128.708847039697
"515",13263,"Talbot","Georgia",4,0.492,6195,49.9,"D",64.5682001614205
"516",13265,"Taliaferro","Georgia",1,0.644,1537,52,"D",65.0618087182824
"517",13267,"Tattnall","Georgia",26,0.434,25286,33.9,"D",102.82369690738
"518",13269,"Taylor","Georgia",12,0.422,8020,47,"D",149.625935162095
"519",13271,"Telfair","Georgia",13,0.427,15860,30.3,"D",81.9672131147541
"520",13273,"Terrell","Georgia",12,0.755,8531,59.8,"D",140.663462665573
"521",13275,"Thomas","Georgia",49,0.53,44451,50.4,"D",110.233740523273
"522",13277,"Tift","Georgia",49,0.496,40644,42.1,"D",120.559000098416
"523",13279,"Toombs","Georgia",36,0.429,26830,43.1,"D",134.178158777488
"524",13281,"Towns","Georgia",35,0.531,12037,50.6,"B",290.77012544654
"525",13283,"Treutlen","Georgia",14,0.399,6901,36.1,"D",202.869149398638
"526",13285,"Troup","Georgia",87,0.497,69922,38.3,"D",124.424358570979
"527",13287,"Turner","Georgia",15,0.547,7985,51.5,"D",187.852222917971
"528",13289,"Twiggs","Georgia",11,0.547,8120,55.7,"C",135.467980295566
"529",13291,"Union","Georgia",45,0.56,24511,47.2,"C",183.591040757211
"530",13293,"Upson","Georgia",62,0.421,26320,46.6,"C",235.562310030395
"531",13295,"Walker","Georgia",124,0.366,69761,43.4,"C",177.74974555984
"532",13297,"Walton","Georgia",108,0.442,94593,42.8,"B",114.173353207954
"533",13299,"Ware","Georgia",49,0.556,35734,39.7,"D",137.124307382325
"534",13301,"Warren","Georgia",10,0.474,5254,49.6,"D",190.331176246669
"535",13303,"Washington","Georgia",15,0.617,20374,45.4,"D",73.6232453126534
"536",13305,"Wayne","Georgia",41,0.55,29927,43.3,"D",137.000033414642
"537",13307,"Webster","Georgia",3,0.603,2607,44.9,"D",115.074798619102
"538",13309,"Wheeler","Georgia",3,0.395,7855,27.3,"C",38.1922342457034
"539",13311,"White","Georgia",43,0.433,30798,36.9,"B",139.619455808819
"540",13313,"Whitfield","Georgia",118,0.403,104628,44.8,"D",112.780517643461
"541",13315,"Wilcox","Georgia",11,0.569,8635,37.6,"D",127.388535031847
"542",13317,"Wilkes","Georgia",17,0.548,9777,49.8,"C",173.877467525826
"543",13319,"Wilkinson","Georgia",17,0.534,8954,52.6,"D",189.859280768372
"544",13321,"Worth","Georgia",30,0.605,20247,42.6,"D",148.170099273967
"545",15001,"Hawaii","Hawaii",72,0.799,NA,NA,NA,NA
"546",15003,"Honolulu","Hawaii",500,0.798,NA,NA,NA,NA
"547",15005,"Kalawao","Hawaii",0,0.85,NA,NA,NA,NA
"548",15007,"Kauai","Hawaii",28,0.825,NA,NA,NA,NA
"549",15009,"Maui","Hawaii",64,0.803,NA,NA,NA,NA
"550",16001,"Ada","Idaho",250,0.526,481587,67.4,"A",51.9117002743014
"551",16003,"Adams","Idaho",2,0.254,4294,45.5,"A",46.5766185374942
"552",16005,"Bannock","Idaho",55,0.352,87808,55,"C",62.6366618075802
"553",16007,"Bear Lake","Idaho",4,0.385,6125,48.3,"A",65.3061224489796
"554",16009,"Benewah","Idaho",14,0.601,9298,55.8,"C",150.570015057002
"555",16011,"Bingham","Idaho",37,0.304,46811,50.3,"C",79.0412509880156
"556",16013,"Blaine","Idaho",5,0.506,23021,85.7,"C",21.7192997697754
"557",16015,"Boise","Idaho",4,0.318,7831,34.8,"A",51.0790448218618
"558",16017,"Bonner","Idaho",51,0.436,45739,44.9,"B",111.502219112792
"559",16019,"Bonneville","Idaho",55,0.268,119062,55.5,"B",46.1944197140985
"560",16021,"Boundary","Idaho",19,0.537,12245,36.4,"B",155.165373621886
"561",16023,"Butte","Idaho",5,0.298,2597,50.4,"B",192.529842125529
"562",16025,"Camas","Idaho",1,0.639,1106,44.4,"B",90.4159132007233
"563",16027,"Canyon","Idaho",113,0.381,229849,48.5,"C",49.1627111712472
"564",16029,"Caribou","Idaho",12,0.326,7155,41.6,"A",167.714884696017
"565",16031,"Cassia","Idaho",11,0.392,24030,45,"C",45.7761131918435
"566",16033,"Clark","Idaho",1,0.218,845,43.6,"C",118.343195266272
"567",16035,"Clearwater","Idaho",11,0.475,8756,44.5,"C",125.628140703518
"568",16037,"Custer","Idaho",7,0.458,4315,48.8,"B",162.224797219003
"569",16039,"Elmore","Idaho",20,0.539,27511,60.6,"D",72.6981934498928
"570",16041,"Franklin","Idaho",4,0.41,13876,46.7,"A",28.8267512251369
"571",16043,"Fremont","Idaho",11,0.233,13099,47.1,"C",83.9758760210703
"572",16045,"Gem","Idaho",13,0.436,18112,41.6,"C",71.7756183745583
"573",16047,"Gooding","Idaho",16,0.345,15179,46,"D",105.408788457738
"574",16049,"Idaho","Idaho",18,0.423,16667,31.8,"C",107.997840043199
"575",16051,"Jefferson","Idaho",16,0.252,29871,44.5,"A",53.5636570586857
"576",16053,"Jerome","Idaho",11,0.343,24412,48.2,"C",45.059806652466
"577",16055,"Kootenai","Idaho",163,0.359,165697,48.2,"B",98.3723302172037
"578",16057,"Latah","Idaho",14,0.592,40108,62.9,"B",34.90575446295
"579",16059,"Lemhi","Idaho",5,0.362,8027,49.3,"C",62.2897720194344
"580",16061,"Lewis","Idaho",7,0.459,3838,54.7,"C",182.386659718603
"581",16063,"Lincoln","Idaho",1,0.379,5366,43,"C",18.6358553857622
"582",16065,"Madison","Idaho",14,0.245,39907,56.9,"B",35.0815646377828
"583",16067,"Minidoka","Idaho",15,0.39,21039,44.9,"C",71.2961642663625
"584",16069,"Nez Perce","Idaho",47,0.517,40408,60.1,"C",116.313601267076
"585",16071,"Oneida","Idaho",2,0.406,4531,48.2,"A",44.1403663650408
"586",16073,"Owyhee","Idaho",13,0.423,11823,36.8,"D",109.955172122135
"587",16075,"Payette","Idaho",18,0.304,23951,33.2,"C",75.1534382698008
"588",16077,"Power","Idaho",6,0.381,7681,52.9,"C",78.1148287983335
"589",16079,"Shoshone","Idaho",13,0.342,12882,44.3,"D",100.916006831237
"590",16081,"Teton","Idaho",1,0.272,12142,66.2,"A",8.23587547356284
"591",16083,"Twin Falls","Idaho",65,0.335,86878,51.9,"C",74.817560256912
"592",16085,"Valley","Idaho",5,0.361,11392,64.8,"A",43.8904494382022
"593",16087,"Washington","Idaho",13,0.239,10194,41.2,"D",127.525995683736
"594",17001,"Adams","Illinois",59,0.35,65435,53.6,"B",90.1658134026133
"595",17003,"Alexander","Illinois",19,0.398,5761,35.8,"D",329.803853497657
"596",17005,"Bond","Illinois",19,0.549,16426,56.9,"B",115.670278826251
"597",17007,"Boone","Illinois",34,0.66,53544,63.2,"B",63.4991782459286
"598",17009,"Brown","Illinois",4,0.385,6578,54.4,"B",60.8087564609304
"599",17011,"Bureau","Illinois",26,0.605,32628,58.9,"B",79.6861591271301
"600",17013,"Calhoun","Illinois",9,0.273,4739,53.5,"A",189.913483857354
"601",17015,"Carroll","Illinois",15,0.596,14305,68,"A",104.858441104509
"602",17017,"Cass","Illinois",7,0.441,12147,63.3,"C",57.6273977113691
"603",17019,"Champaign","Illinois",85,0.661,209689,68.3,"C",40.5362226917006
"604",17021,"Christian","Illinois",28,0.603,32304,50.3,"A",86.6765725606736
"605",17023,"Clark","Illinois",9,0.451,15441,52.4,"A",58.2863804157762
"606",17025,"Clay","Illinois",18,0.372,13184,39.2,"B",136.529126213592
"607",17027,"Clinton","Illinois",10,0.587,37562,61.1,"A",26.6226505510889
"608",17029,"Coles","Illinois",39,0.411,50621,47.5,"C",77.0431243950139
"609",17031,"Cook","Illinois",3056,0.722,5150233,75.3,"D",59.3371212525725
"610",17033,"Crawford","Illinois",22,0.392,18667,52.7,"B",117.855038302887
"611",17035,"Cumberland","Illinois",9,0.424,10766,40.3,"A",83.5965075236857
"612",17037,"DeKalb","Illinois",53,0.756,104897,58,"B",50.5257538347141
"613",17039,"De Witt","Illinois",14,0.507,15638,54.3,"A",89.5255147717099
"614",17041,"Douglas","Illinois",23,0.594,19465,50.7,"C",118.160801438479
"615",17043,"DuPage","Illinois",386,0.76,922921,79.7,"A",41.823731391961
"616",17045,"Edgar","Illinois",21,0.398,17161,51,"B",122.370491230115
"617",17047,"Edwards","Illinois",15,0.228,6395,42,"A",234.558248631744
"618",17049,"Effingham","Illinois",33,0.41,34008,50.2,"A",97.0359915314044
"619",17051,"Fayette","Illinois",28,0.47,21336,37,"B",131.233595800525
"620",17053,"Ford","Illinois",11,0.567,12961,59.3,"A",84.8699945991822
"621",17055,"Franklin","Illinois",50,0.405,38469,46.3,"C",129.974784891731
"622",17057,"Fulton","Illinois",45,0.444,34340,58.6,"A",131.042516016308
"623",17059,"Gallatin","Illinois",13,0.373,4828,57.5,"B",269.262634631317
"624",17061,"Greene","Illinois",8,0.508,12969,44.8,"A",61.685557868764
"625",17063,"Grundy","Illinois",48,0.599,51054,59.5,"A",94.0180984839582
"626",17065,"Hamilton","Illinois",10,0.373,8116,40.6,"B",123.213405618531
"627",17067,"Hancock","Illinois",26,0.411,17708,51.3,"A",146.826293200813
"628",17069,"Hardin","Illinois",12,0.34,3821,43.7,"B",314.053912588328
"629",17071,"Henderson","Illinois",4,0.604,6646,52.6,"A",60.1865783930184
"630",17073,"Henry","Illinois",33,0.597,48913,61.1,"A",67.4667266370903
"631",17075,"Iroquois","Illinois",40,0.424,27114,52.7,"B",147.525263701409
"632",17077,"Jackson","Illinois",56,0.496,56750,53.9,"D",98.6784140969163
"633",17079,"Jasper","Illinois",11,0.38,9610,42.6,"A",114.464099895942
"634",17081,"Jefferson","Illinois",31,0.393,37684,48.5,"C",82.2630294023989
"635",17083,"Jersey","Illinois",21,0.537,21773,57.4,"A",96.4497313186056
"636",17085,"Jo Daviess","Illinois",17,0.465,21235,82.5,"A",80.0565104779845
"637",17087,"Johnson","Illinois",17,0.496,12417,54.5,"B",136.909076266409
"638",17089,"Kane","Illinois",246,0.748,532403,69.2,"B",46.2055998933139
"639",17091,"Kankakee","Illinois",90,0.527,109862,54.1,"C",81.9209553803863
"640",17093,"Kendall","Illinois",44,0.788,128990,71.8,"A",34.1111714086363
"641",17095,"Knox","Illinois",54,0.494,49699,60.7,"C",108.654097667961
"642",17097,"Lake","Illinois",360,0.769,696535,83.4,"B",51.6844092543806
"643",17099,"LaSalle","Illinois",90,0.556,108669,60,"B",82.8203075394087
"644",17101,"Lawrence","Illinois",12,0.26,15678,42.2,"B",76.5403750478377
"645",17103,"Lee","Illinois",20,0.65,34096,61,"B",58.6579070858752
"646",17105,"Livingston","Illinois",27,0.51,35648,51.8,"B",75.7405745062837
"647",17107,"Logan","Illinois",19,0.551,28618,54.7,"A",66.391781396324
"648",17109,"McDonough","Illinois",36,0.59,29682,49.9,"B",121.285627653123
"649",17111,"McHenry","Illinois",146,0.716,307774,69.6,"A",47.4374053688746
"650",17113,"McLean","Illinois",86,0.561,171517,66.3,"A",50.1408023694444
"651",17115,"Macon","Illinois",92,0.549,104009,54.9,"C",88.4538837985174
"652",17117,"Macoupin","Illinois",26,0.561,44926,56.1,"A",57.8729466233362
"653",17119,"Madison","Illinois",195,0.648,262966,64.6,"B",74.1540731501411
"654",17121,"Marion","Illinois",56,0.404,37205,47.2,"C",150.517403574788
"655",17123,"Marshall","Illinois",11,0.538,11438,58.8,"A",96.1706592061549
"656",17125,"Mason","Illinois",13,0.313,13359,55.3,"A",97.3126731042743
"657",17127,"Massac","Illinois",14,0.373,13772,51.2,"C",101.655532965437
"658",17129,"Menard","Illinois",19,0.54,12196,58.6,"A",155.788783207609
"659",17131,"Mercer","Illinois",13,0.571,15437,62.9,"A",84.2132538705707
"660",17133,"Monroe","Illinois",27,0.67,34637,64.5,"A",77.9513237289604
"661",17135,"Montgomery","Illinois",27,0.525,28414,52.6,"B",95.0235799253889
"662",17137,"Morgan","Illinois",30,0.533,33658,56.1,"C",89.1318557252362
"663",17139,"Moultrie","Illinois",12,0.39,14501,45.2,"B",82.7529135921661
"664",17141,"Ogle","Illinois",28,0.589,50643,59.4,"B",55.2889836700037
"665",17143,"Peoria","Illinois",135,0.577,179179,63.5,"C",75.3436507626452
"666",17145,"Perry","Illinois",17,0.392,20916,51.7,"C",81.2774909160451
"667",17147,"Piatt","Illinois",7,0.688,16344,64.5,"A",42.8291727851199
"668",17149,"Pike","Illinois",30,0.36,15561,41.9,"B",192.789666473877
"669",17151,"Pope","Illinois",12,0.415,4177,39.3,"C",287.287526933206
"670",17153,"Pulaski","Illinois",15,0.405,5335,46.1,"C",281.16213683224
"671",17155,"Putnam","Illinois",4,0.535,5739,58.9,"A",69.6985537550096
"672",17157,"Randolph","Illinois",26,0.452,31782,53.3,"B",81.8073123151469
"673",17159,"Richland","Illinois",10,0.331,15513,49.5,"B",64.4620640752917
"674",17161,"Rock Island","Illinois",105,0.596,141879,62,"C",74.0067240394985
"675",17163,"St. Clair","Illinois",146,0.767,259686,65.8,"C",56.2217447224725
"676",17165,"Saline","Illinois",35,0.462,23491,50.1,"C",148.993231450343
"677",17167,"Sangamon","Illinois",122,0.564,194672,67.2,"B",62.6695159036739
"678",17169,"Schuyler","Illinois",3,0.417,6768,57,"B",44.3262411347518
"679",17171,"Scott","Illinois",7,0.52,4951,42.7,"A",141.385578670976
"680",17173,"Shelby","Illinois",45,0.469,21634,42.9,"A",208.005916612739
"681",17175,"Stark","Illinois",10,0.672,5342,54.7,"A",187.195806813927
"682",17177,"Stephenson","Illinois",78,0.644,44498,62.8,"C",175.288777023686
"683",17179,"Tazewell","Illinois",125,0.56,131803,60.8,"A",94.8385089868971
"684",17181,"Union","Illinois",15,0.466,16653,58.8,"C",90.0738605656638
"685",17183,"Vermilion","Illinois",73,0.504,75758,47.1,"C",96.3594603870218
"686",17185,"Wabash","Illinois",18,0.212,11520,50.9,"B",156.25
"687",17187,"Warren","Illinois",15,0.522,16844,50.9,"C",89.0524815958205
"688",17189,"Washington","Illinois",11,0.456,13887,59.8,"A",79.2107726650824
"689",17191,"Wayne","Illinois",25,0.345,16215,40.2,"B",154.178230033919
"690",17193,"White","Illinois",29,0.332,13537,54.2,"B",214.227672305533
"691",17195,"Whiteside","Illinois",46,0.649,55175,59.4,"B",83.3710919800634
"692",17197,"Will","Illinois",420,0.739,690743,70,"A",60.8040906675855
"693",17199,"Williamson","Illinois",70,0.464,66597,57.5,"B",105.109839782573
"694",17201,"Winnebago","Illinois",218,0.657,282572,60.2,"D",77.1484789717311
"695",17203,"Woodford","Illinois",20,0.517,38459,56,"A",52.003432226527
"696",18001,"Adams","Indiana",25,0.309,35777,34.6,"C",69.8772954691562
"697",18003,"Allen","Indiana",279,0.464,379299,55.1,"C",73.5567454699327
"698",18005,"Bartholomew","Indiana",60,0.406,83779,64.5,"B",71.6169923250457
"699",18007,"Benton","Indiana",7,0.496,8748,44,"B",80.0182898948331
"700",18009,"Blackford","Indiana",23,0.447,11758,49.9,"B",195.611498554176
"701",18011,"Boone","Indiana",64,0.413,67843,74.6,"A",94.3354509676754
"702",18013,"Brown","Indiana",11,0.66,15092,53.6,"A",72.8862973760933
"703",18015,"Carroll","Indiana",26,0.447,20257,38.7,"A",128.350693587402
"704",18017,"Cass","Indiana",39,0.283,37689,48.3,"C",103.478468518666
"705",18019,"Clark","Indiana",113,0.501,118302,63.9,"B",95.5182499027912
"706",18021,"Clay","Indiana",29,0.466,26225,59.2,"B",110.581506196378
"707",18023,"Clinton","Indiana",52,0.462,32399,50.7,"C",160.498780826569
"708",18025,"Crawford","Indiana",14,0.465,10577,39,"B",132.362673726009
"709",18027,"Daviess","Indiana",36,0.546,33351,34.3,"C",107.94279032113
"710",18029,"Dearborn","Indiana",64,0.371,49458,65.5,"A",129.402725544907
"711",18031,"Decatur","Indiana",35,0.437,26559,50.2,"A",131.782070108061
"712",18033,"DeKalb","Indiana",36,0.55,43475,44,"A",82.8062104657849
"713",18035,"Delaware","Indiana",137,0.475,114135,50.8,"C",120.033293906339
"714",18037,"Dubois","Indiana",22,0.55,42736,59.6,"A",51.47884687383
"715",18039,"Elkhart","Indiana",158,0.528,206341,45.4,"D",76.5722759897451
"716",18041,"Fayette","Indiana",46,0.514,23102,42.4,"C",199.1169595706
"717",18043,"Floyd","Indiana",74,0.474,78522,59.5,"A",94.2411044038613
"718",18045,"Fountain","Indiana",33,0.474,16346,48.9,"B",201.884253028264
"719",18047,"Franklin","Indiana",30,0.545,22758,40.2,"A",131.821776957553
"720",18049,"Fulton","Indiana",25,0.399,19974,41.8,"B",125.162711524982
"721",18051,"Gibson","Indiana",33,0.351,33659,48.3,"A",98.0421284054785
"722",18053,"Grant","Indiana",95,0.393,65769,43.9,"C",144.444951268835
"723",18055,"Greene","Indiana",39,0.558,31922,43.2,"B",122.172796190715
"724",18057,"Hamilton","Indiana",171,0.596,338011,75.1,"A",50.5900695539494
"725",18059,"Hancock","Indiana",88,0.42,78168,70.8,"A",112.578037048409
"726",18061,"Harrison","Indiana",46,0.359,40515,53.4,"A",113.538195729977
"727",18063,"Hendricks","Indiana",160,0.523,170311,75.9,"A",93.9457815408282
"728",18065,"Henry","Indiana",63,0.434,47972,54.5,"B",131.326607187526
"729",18067,"Howard","Indiana",120,0.426,82544,49.8,"B",145.377011048653
"730",18069,"Huntington","Indiana",46,0.416,36520,52.5,"A",125.958378970427
"731",18071,"Jackson","Indiana",40,0.312,44231,55.8,"C",90.434310777509
"732",18073,"Jasper","Indiana",51,0.321,33562,49.9,"A",151.957571062511
"733",18075,"Jay","Indiana",24,0.328,20436,40.7,"B",117.439812096301
"734",18077,"Jefferson","Indiana",59,0.255,32308,58.4,"B",182.617308406587
"735",18079,"Jennings","Indiana",44,0.319,27735,42.6,"A",158.644312240851
"736",18081,"Johnson","Indiana",143,0.557,158167,62,"A",90.4107683650825
"737",18083,"Knox","Indiana",42,0.338,36594,51.1,"C",114.772913592392
"738",18085,"Kosciusko","Indiana",63,0.496,79456,42.5,"B",79.2891663310511
"739",18087,"LaGrange","Indiana",19,0.452,39614,23.4,"B",47.9628414197001
"740",18089,"Lake","Indiana",552,0.592,485493,59.9,"C",113.698858685913
"741",18091,"LaPorte","Indiana",107,0.466,109888,58.7,"C",97.3718695398952
"742",18093,"Lawrence","Indiana",73,0.491,45370,51.5,"B",160.899272647124
"743",18095,"Madison","Indiana",165,0.559,129569,55,"C",127.345275490279
"744",18097,"Marion","Indiana",732,0.548,964582,59.8,"D",75.8877938837756
"745",18099,"Marshall","Indiana",42,0.389,46258,46.8,"C",90.7951057114445
"746",18101,"Martin","Indiana",9,0.55,10255,46.8,"A",87.7620672842516
"747",18103,"Miami","Indiana",46,0.343,35516,42.3,"B",129.519089987611
"748",18105,"Monroe","Indiana",74,0.591,148431,61.9,"B",49.8548146950435
"749",18107,"Montgomery","Indiana",35,0.49,38338,47.8,"B",91.2932338671814
"750",18109,"Morgan","Indiana",82,0.485,70489,56.6,"A",116.330207550114
"751",18111,"Newton","Indiana",16,0.316,13984,33.9,"B",114.41647597254
"752",18113,"Noble","Indiana",30,0.5,47744,40.2,"C",62.8351206434316
"753",18115,"Ohio","Indiana",12,0.459,5875,78.7,"A",204.255319148936
"754",18117,"Orange","Indiana",22,0.43,19646,58,"B",111.982082866741
"755",18119,"Owen","Indiana",48,0.5,20799,44.3,"B",230.78032597721
"756",18121,"Parke","Indiana",21,0.405,16937,41.9,"C",123.98890004133
"757",18123,"Perry","Indiana",13,0.542,19169,59.4,"A",67.8178308727633
"758",18125,"Pike","Indiana",7,0.495,12389,60.2,"A",56.5017354104448
"759",18127,"Porter","Indiana",166,0.512,170389,59.9,"A",97.4241294919273
"760",18129,"Posey","Indiana",15,0.472,25427,49.4,"A",58.9924096432926
"761",18131,"Pulaski","Indiana",21,0.223,12353,47.2,"B",169.999190480045
"762",18133,"Putnam","Indiana",42,0.366,37576,44.5,"A",111.77347242921
"763",18135,"Randolph","Indiana",40,0.336,24665,47.9,"B",162.173119805392
"764",18137,"Ripley","Indiana",54,0.429,28324,50.4,"B",190.651037988985
"765",18139,"Rush","Indiana",24,0.408,16581,48.8,"B",144.743984078162
"766",18141,"St. Joseph","Indiana",230,0.598,271826,61.7,"C",84.6129509318461
"767",18143,"Scott","Indiana",30,0.46,23873,45.6,"C",125.664977170862
"768",18145,"Shelby","Indiana",31,0.413,44729,61,"A",69.3062666279148
"769",18147,"Spencer","Indiana",6,0.529,20277,46.8,"A",29.5901760615476
"770",18149,"Starke","Indiana",28,0.365,22995,38.8,"B",121.765601217656
"771",18151,"Steuben","Indiana",24,0.532,34594,49.4,"A",69.3761924033069
"772",18153,"Sullivan","Indiana",19,0.517,20669,51.7,"C",91.9251052300547
"773",18155,"Switzerland","Indiana",16,0.344,10751,32.3,"C",148.823365268347
"774",18157,"Tippecanoe","Indiana",142,0.518,195732,60.1,"B",72.5481781211044
"775",18159,"Tipton","Indiana",19,0.352,15148,47.1,"A",125.429099551096
"776",18161,"Union","Indiana",10,0.569,7054,53.4,"A",141.763538417919
"777",18163,"Vanderburgh","Indiana",147,0.542,181451,60.3,"C",81.0136069792947
"778",18165,"Vermillion","Indiana",21,0.426,15498,49.1,"B",135.50135501355
"779",18167,"Vigo","Indiana",107,0.466,107038,52.3,"C",99.9644985892861
"780",18169,"Wabash","Indiana",36,0.381,30996,43.1,"B",116.144018583043
"781",18171,"Warren","Indiana",8,0.492,8265,48,"A",96.7937084089534
"782",18173,"Warrick","Indiana",44,0.548,62998,65.4,"A",69.8434870948284
"783",18175,"Washington","Indiana",40,0.411,28036,41.9,"B",142.673705236125
"784",18177,"Wayne","Indiana",68,0.348,65884,52.4,"C",103.21170542165
"785",18179,"Wells","Indiana",23,0.332,28296,43.5,"A",81.2835736499859
"786",18181,"White","Indiana",25,0.384,24102,56.9,"B",103.725831881172
"787",18183,"Whitley","Indiana",21,0.46,33964,48.9,"A",61.8301731244847
"788",19001,"Adair","Iowa",8,0.364,7152,50.6,"A",111.856823266219
"789",19003,"Adams","Iowa",3,0.281,3602,57.6,"A",83.2870627429206
"790",19005,"Allamakee","Iowa",7,0.469,13687,56.2,"B",51.1434207642288
"791",19007,"Appanoose","Iowa",19,0.413,12426,48.9,"B",152.905198776758
"792",19009,"Audubon","Iowa",5,0.322,5496,59.8,"A",90.9752547307132
"793",19011,"Benton","Iowa",19,0.504,25645,60.8,"A",74.0885162799766
"794",19013,"Black Hawk","Iowa",117,0.447,131228,62.7,"C",89.157801688664
"795",19015,"Boone","Iowa",23,0.533,26234,66.5,"A",87.6724860867576
"796",19017,"Bremer","Iowa",12,0.424,25062,61.9,"A",47.8812544888676
"797",19019,"Buchanan","Iowa",22,0.373,21175,55.3,"A",103.896103896104
"798",19021,"Buena Vista","Iowa",15,0.288,19620,71.6,"C",76.4525993883792
"799",19023,"Butler","Iowa",12,0.417,14439,58.8,"A",83.108248493663
"800",19025,"Calhoun","Iowa",6,0.304,9668,61.2,"A",62.0604054613157
"801",19027,"Carroll","Iowa",25,0.358,20165,63.2,"A",123.977188197372
"802",19029,"Cass","Iowa",14,0.227,12836,59.8,"A",109.068245559364
"803",19031,"Cedar","Iowa",18,0.381,18627,62,"A",96.6339185053954
"804",19033,"Cerro Gordo","Iowa",43,0.215,42450,65.4,"A",101.295641931684
"805",19035,"Cherokee","Iowa",23,0.309,11235,54.8,"A",204.717400979083
"806",19037,"Chickasaw","Iowa",13,0.356,11933,56.4,"A",108.941590547222
"807",19039,"Clarke","Iowa",11,0.418,9395,56.5,"D",117.083555082491
"808",19041,"Clay","Iowa",14,0.441,16016,53.7,"A",87.4125874125874
"809",19043,"Clayton","Iowa",15,0.371,17549,49.7,"B",85.4749558379395
"810",19045,"Clinton","Iowa",44,0.43,46429,56.7,"B",94.7683559844063
"811",19047,"Crawford","Iowa",7,0.66,16820,55.7,"D",41.6171224732461
"812",19049,"Dallas","Iowa",35,0.485,93453,69.6,"A",37.451981209806
"813",19051,"Davis","Iowa",9,0.411,9000,37.9,"B",100
"814",19053,"Decatur","Iowa",11,0.294,7870,42.6,"B",139.771283354511
"815",19055,"Delaware","Iowa",10,0.283,17011,56.4,"A",58.7854917406384
"816",19057,"Des Moines","Iowa",47,0.553,38967,53.3,"B",120.614879256807
"817",19059,"Dickinson","Iowa",17,0.433,17258,61.6,"A",98.5050411403407
"818",19061,"Dubuque","Iowa",62,0.43,97311,66.7,"A",63.7132492729496
"819",19063,"Emmet","Iowa",8,0.428,9208,54.2,"B",86.8809730668983
"820",19065,"Fayette","Iowa",29,0.394,19650,56,"A",147.582697201018
"821",19067,"Floyd","Iowa",14,0.268,15642,54.6,"A",89.5026211481908
"822",19069,"Franklin","Iowa",13,0.261,10070,56.1,"B",129.09632571996
"823",19071,"Fremont","Iowa",12,0.611,6960,55.2,"A",172.413793103448
"824",19073,"Greene","Iowa",10,0.354,8888,59.9,"A",112.511251125113
"825",19075,"Grundy","Iowa",12,0.48,12232,63.8,"A",98.1033355134075
"826",19077,"Guthrie","Iowa",7,0.34,10689,60.2,"A",65.4878847413229
"827",19079,"Hamilton","Iowa",26,0.457,14773,65.4,"A",175.996750829215
"828",19081,"Hancock","Iowa",8,0.216,10630,51.2,"A",75.2587017873942
"829",19083,"Hardin","Iowa",14,0.441,16846,57.1,"A",83.1057817879615
"830",19085,"Harrison","Iowa",17,0.565,14049,54.3,"A",121.00505374048
"831",19087,"Henry","Iowa",25,0.461,19954,56.3,"A",125.288162774381
"832",19089,"Howard","Iowa",13,0.413,9158,53.8,"A",141.952391351824
"833",19091,"Humboldt","Iowa",8,0.24,9558,51.3,"A",83.6995187277673
"834",19093,"Ida","Iowa",9,0.38,6860,50.2,"A",131.195335276968
"835",19095,"Iowa","Iowa",17,0.45,16184,64.4,"A",105.042016806723
"836",19097,"Jackson","Iowa",21,0.411,19439,54.3,"A",108.030248469571
"837",19099,"Jasper","Iowa",31,0.347,37185,60.1,"A",83.3669490385908
"838",19101,"Jefferson","Iowa",14,0.398,18295,49.8,"C",76.5236403388904
"839",19103,"Johnson","Iowa",54,0.673,151140,76.9,"B",35.7284636760619
"840",19105,"Jones","Iowa",14,0.355,20681,60.2,"A",67.6949857356994
"841",19107,"Keokuk","Iowa",12,0.272,10246,47.8,"A",117.118875658794
"842",19109,"Kossuth","Iowa",15,0.272,14813,53.4,"A",101.262404644569
"843",19111,"Lee","Iowa",39,0.392,33657,53.2,"B",115.874855156431
"844",19113,"Linn","Iowa",201,0.563,226706,69.2,"A",88.6610852822598
"845",19115,"Louisa","Iowa",11,0.482,11035,54.7,"B",99.6828273674671
"846",19117,"Lucas","Iowa",4,0.384,8600,46.8,"B",46.5116279069767
"847",19119,"Lyon","Iowa",11,0.344,11755,44.2,"A",93.5772011909826
"848",19121,"Madison","Iowa",20,0.484,16338,55.5,"A",122.414004162076
"849",19123,"Mahaska","Iowa",24,0.287,22095,45.6,"A",108.621860149355
"850",19125,"Marion","Iowa",27,0.429,33253,54.6,"A",81.1956815926383
"851",19127,"Marshall","Iowa",33,0.48,39369,68.8,"C",83.8222967309304
"852",19129,"Mills","Iowa",16,0.481,15109,59.3,"A",105.897147395592
"853",19131,"Mitchell","Iowa",3,0.263,10586,50.1,"A",28.3393160778387
"854",19133,"Monona","Iowa",12,0.64,8615,55.8,"A",139.291932675566
"855",19135,"Monroe","Iowa",9,0.385,7707,47.3,"A",116.776956014013
"856",19137,"Montgomery","Iowa",10,0.286,9917,59.1,"A",100.836946657255
"857",19139,"Muscatine","Iowa",21,0.364,42664,62.8,"B",49.2218263641478
"858",19141,"O'Brien","Iowa",6,0.319,13753,51.8,"B",43.6268450519887
"859",19143,"Osceola","Iowa",4,0.322,5958,46.4,"A",67.1366230278617
"860",19145,"Page","Iowa",13,0.481,15107,55,"B",86.0528231945456
"861",19147,"Palo Alto","Iowa",8,0.419,8886,52.4,"A",90.0292595093405
"862",19149,"Plymouth","Iowa",20,0.402,25177,54.2,"A",79.4375819200064
"863",19151,"Pocahontas","Iowa",4,0.335,6619,54,"A",60.4320894394924
"864",19153,"Polk","Iowa",332,0.473,490161,70.6,"B",67.7328469625286
"865",19155,"Pottawattamie","Iowa",98,0.39,93206,60.8,"B",105.143445700921
"866",19157,"Poweshiek","Iowa",18,0.383,18504,61.1,"A",97.2762645914397
"867",19159,"Ringgold","Iowa",8,0.275,4894,54.3,"A",163.465467919902
"868",19161,"Sac","Iowa",14,0.303,9721,54.2,"A",144.018105133217
"869",19163,"Scott","Iowa",121,0.494,172943,64.8,"B",69.9652486657454
"870",19165,"Shelby","Iowa",11,0.516,11454,61,"A",96.0363191898027
"871",19167,"Sioux","Iowa",17,0.335,34855,43,"A",48.7734901735762
"872",19169,"Story","Iowa",37,0.574,97117,65.8,"B",38.0983761854258
"873",19171,"Tama","Iowa",17,0.491,16854,64.6,"B",100.866263201614
"874",19173,"Taylor","Iowa",4,0.292,6121,48.2,"A",65.3487992158144
"875",19175,"Union","Iowa",10,0.462,12241,52.7,"B",81.6926721673066
"876",19177,"Van Buren","Iowa",4,0.372,7044,43,"B",56.785917092561
"877",19179,"Wapello","Iowa",63,0.37,34969,52.2,"D",180.159569904773
"878",19181,"Warren","Iowa",38,0.337,51466,61.8,"A",73.8351533050946
"879",19183,"Washington","Iowa",19,0.589,21965,58.8,"A",86.5012519918051
"880",19185,"Wayne","Iowa",8,0.342,6441,43.2,"B",124.204316099984
"881",19187,"Webster","Iowa",54,0.362,35904,59.2,"B",150.401069518717
"882",19189,"Winnebago","Iowa",7,0.228,10354,53.9,"A",67.6067220397914
"883",19191,"Winneshiek","Iowa",10,0.505,19991,65.1,"A",50.0225101295583
"884",19193,"Woodbury","Iowa",71,0.425,103107,59.2,"C",68.8605041364796
"885",19195,"Worth","Iowa",7,0.251,7381,53.1,"A",94.8380978187237
"886",19197,"Wright","Iowa",16,0.232,12562,59.2,"B",127.368253462824
"887",20001,"Allen","Kansas",38,0.341,12369,48.7,"B",307.219662058372
"888",20003,"Anderson","Kansas",17,0.344,7858,45.2,"B",216.340035632476
"889",20005,"Atchison","Kansas",17,0.316,16073,49,"B",105.767436072917
"890",20007,"Barber","Kansas",8,0.336,4427,49.1,"C",180.709283939462
"891",20009,"Barton","Kansas",52,0.43,25779,45,"C",201.714573877963
"892",20011,"Bourbon","Kansas",19,0.49,14534,38.4,"C",130.727948259254
"893",20013,"Brown","Kansas",9,0.382,9564,63.6,"B",94.1028858218319
"894",20015,"Butler","Kansas",85,0.47,66911,51.1,"B",127.034418854897
"895",20017,"Chase","Kansas",3,0.331,2648,48.3,"A",113.293051359517
"896",20019,"Chautauqua","Kansas",7,0.337,3250,43,"D",215.384615384615
"897",20021,"Cherokee","Kansas",18,0.41,19939,48.5,"B",90.2753397863484
"898",20023,"Cheyenne","Kansas",2,0.256,2657,46.9,"A",75.2728641324802
"899",20025,"Clark","Kansas",1,0.348,1994,47.9,"A",50.1504513540622
"900",20027,"Clay","Kansas",12,0.507,8002,63.2,"B",149.962509372657
"901",20029,"Cloud","Kansas",16,0.434,8786,49.7,"A",182.107898930116
"902",20031,"Coffey","Kansas",14,0.227,8179,55.1,"A",171.170069690671
"903",20033,"Comanche","Kansas",5,0.346,1700,47.2,"A",294.117647058824
"904",20035,"Cowley","Kansas",39,0.421,34908,50.7,"C",111.722241320041
"905",20037,"Crawford","Kansas",29,0.492,38818,49,"D",74.707609871709
"906",20039,"Decatur","Kansas",5,0.273,2827,41.7,"A",176.865935620799
"907",20041,"Dickinson","Kansas",31,0.385,18466,60.5,"A",167.876096609986
"908",20043,"Doniphan","Kansas",10,0.272,7600,50.5,"A",131.578947368421
"909",20045,"Douglas","Kansas",56,0.734,122259,66,"B",45.8043988581618
"910",20047,"Edwards","Kansas",12,0.506,2798,49.9,"A",428.877769835597
"911",20049,"Elk","Kansas",7,0.312,2530,35.7,"B",276.679841897233
"912",20051,"Ellis","Kansas",13,0.32,28553,52.4,"A",45.5293664413547
"913",20053,"Ellsworth","Kansas",3,0.373,6102,58.8,"A",49.1642084562439
"914",20055,"Finney","Kansas",26,0.343,36467,53,"D",71.2973373186717
"915",20057,"Ford","Kansas",23,0.399,33619,48.3,"D",68.4136946369613
"916",20059,"Franklin","Kansas",33,0.364,25544,54.2,"B",129.188850610711
"917",20061,"Geary","Kansas",26,0.499,31670,95,"C",82.0966214082728
"918",20063,"Gove","Kansas",3,0.287,2636,49.3,"A",113.808801213961
"919",20065,"Graham","Kansas",6,0.25,2482,50.6,"B",241.74053182917
"920",20067,"Grant","Kansas",7,0.37,7150,49.1,"B",97.9020979020979
"921",20069,"Gray","Kansas",1,0.364,5988,47.3,"B",16.7000668002672
"922",20071,"Greeley","Kansas",7,0.323,1232,53.2,"C",568.181818181818
"923",20073,"Greenwood","Kansas",13,0.33,5982,51.9,"B",217.318622534269
"924",20075,"Hamilton","Kansas",2,0.368,2539,43.1,"B",78.7711697518708
"925",20077,"Harper","Kansas",4,0.4,5436,50.7,"C",73.5835172921266
"926",20079,"Harvey","Kansas",28,0.423,34429,49.5,"C",81.3267884632142
"927",20081,"Haskell","Kansas",5,0.364,3968,40.8,"B",126.008064516129
"928",20083,"Hodgeman","Kansas",5,0.412,1794,47.1,"A",278.706800445931
"929",20085,"Jackson","Kansas",16,0.577,13171,66.5,"B",121.479006909119
"930",20087,"Jefferson","Kansas",17,0.634,19043,56.7,"A",89.2716483747309
"931",20089,"Jewell","Kansas",5,0.34,2879,48,"A",173.671413685307
"932",20091,"Johnson","Kansas",325,0.654,602401,82.8,"A",53.9507736540942
"933",20093,"Kearny","Kansas",5,0.346,3838,56.1,"B",130.276185513288
"934",20095,"Kingman","Kansas",54,0.464,7152,49,"A",755.03355704698
"935",20097,"Kiowa","Kansas",6,0.469,2475,53,"B",242.424242424242
"936",20099,"Labette","Kansas",21,0.471,19618,51.5,"C",107.044550922622
"937",20101,"Lane","Kansas",2,0.326,1535,43.6,"A",130.293159609121
"938",20103,"Leavenworth","Kansas",60,0.544,81758,62.7,"A",73.3873137796913
"939",20105,"Lincoln","Kansas",5,0.375,2962,45.1,"A",168.804861580013
"940",20107,"Linn","Kansas",17,0.4,9703,37.1,"B",175.203545295269
"941",20109,"Logan","Kansas",4,0.28,2794,48.1,"A",143.163922691482
"942",20111,"Lyon","Kansas",31,0.344,33195,59.7,"C",93.387558367224
"943",20113,"McPherson","Kansas",39,0.396,28542,57.6,"A",136.640739962161
"944",20115,"Marion","Kansas",17,0.343,11884,51.8,"A",143.049478290138
"945",20117,"Marshall","Kansas",12,0.407,9707,66.3,"A",123.622128360977
"946",20119,"Meade","Kansas",9,0.362,4033,43.2,"B",223.158938755269
"947",20121,"Miami","Kansas",31,0.54,34237,50.3,"A",90.5453164704851
"948",20123,"Mitchell","Kansas",9,0.388,5979,54.2,"A",150.526843953838
"949",20125,"Montgomery","Kansas",52,0.407,31829,47.7,"D",163.373024600207
"950",20127,"Morris","Kansas",8,0.404,5620,57.6,"A",142.348754448399
"951",20129,"Morton","Kansas",2,0.405,2587,43.1,"C",77.3096250483185
"952",20131,"Nemaha","Kansas",6,0.432,10231,55.9,"A",58.6452937151794
"953",20133,"Neosho","Kansas",22,0.416,16007,30.1,"C",137.43987005685
"954",20135,"Ness","Kansas",2,0.371,2750,54.1,"A",72.7272727272727
"955",20137,"Norton","Kansas",3,0.275,5361,54.5,"A",55.9597090095132
"956",20139,"Osage","Kansas",27,0.564,15949,52.9,"A",169.289610633896
"957",20141,"Osborne","Kansas",5,0.293,3421,42.9,"A",146.156094709149
"958",20143,"Ottawa","Kansas",9,0.396,5704,47.4,"A",157.784011220196
"959",20145,"Pawnee","Kansas",6,0.497,6414,56.5,"B",93.5453695042095
"960",20147,"Phillips","Kansas",5,0.29,5234,44.9,"A",95.5292319449752
"961",20149,"Pottawatomie","Kansas",23,0.55,24383,43.9,"A",94.3280154205799
"962",20151,"Pratt","Kansas",9,0.387,9164,51.7,"B",98.2103884766478
"963",20153,"Rawlins","Kansas",2,0.268,2530,44.2,"B",79.0513833992095
"964",20155,"Reno","Kansas",78,0.454,61998,51.6,"C",125.810510016452
"965",20157,"Republic","Kansas",7,0.373,4636,52.1,"A",150.992234685073
"966",20159,"Rice","Kansas",19,0.41,9537,45.5,"B",199.224074656601
"967",20161,"Riley","Kansas",39,0.535,74232,41.5,"C",52.5379890074361
"968",20163,"Rooks","Kansas",5,0.26,4920,49.7,"A",101.626016260163
"969",20165,"Rush","Kansas",11,0.403,3036,52.4,"A",362.31884057971
"970",20167,"Russell","Kansas",8,0.335,6856,44.6,"B",116.686114352392
"971",20169,"Saline","Kansas",64,0.357,54224,52.2,"C",118.028917084686
"972",20171,"Scott","Kansas",3,0.313,4823,50,"B",62.2019489944018
"973",20173,"Sedgwick","Kansas",535,0.499,516042,58,"C",103.673731983056
"974",20175,"Seward","Kansas",11,0.403,21428,49.7,"D",51.3347022587269
"975",20177,"Shawnee","Kansas",223,0.633,176875,64.6,"C",126.077738515901
"976",20179,"Sheridan","Kansas",3,0.267,2521,37.2,"A",119.000396667989
"977",20181,"Sherman","Kansas",7,0.231,5917,45.9,"A",118.303194186243
"978",20183,"Smith","Kansas",6,0.319,3583,45.9,"A",167.4574379012
"979",20185,"Stafford","Kansas",7,0.472,4156,48.1,"B",168.431183830606
"980",20187,"Stanton","Kansas",6,0.388,2006,52.5,"C",299.102691924227
"981",20189,"Stevens","Kansas",10,0.408,5485,41,"D",182.315405651778
"982",20191,"Sumner","Kansas",19,0.444,22836,45.5,"B",83.2019618146786
"983",20193,"Thomas","Kansas",8,0.263,7777,42.8,"A",102.867429600103
"984",20195,"Trego","Kansas",4,0.291,2803,40,"A",142.704245451302
"985",20197,"Wabaunsee","Kansas",5,0.591,6931,49.7,"A",72.13966238638
"986",20199,"Wallace","Kansas",3,0.262,1518,38.9,"A",197.628458498024
"987",20201,"Washington","Kansas",10,0.432,5406,55.8,"A",184.979652238254
"988",20203,"Wichita","Kansas",4,0.313,2119,52.3,"B",188.768286927796
"989",20205,"Wilson","Kansas",19,0.398,8525,46,"B",222.873900293255
"990",20207,"Woodson","Kansas",7,0.314,3138,43.8,"A",223.072020395156
"991",20209,"Wyandotte","Kansas",134,0.665,165429,62.1,"D",81.0015172672264
"992",21001,"Adair","Kentucky",23,0.399,19202,40.5,"C",119.779189667743
"993",21003,"Allen","Kentucky",40,0.519,21315,40.8,"C",187.661271405114
"994",21005,"Anderson","Kentucky",22,0.401,22747,58.7,"A",96.7160504681936
"995",21007,"Ballard","Kentucky",18,0.404,7888,39.9,"B",228.194726166329
"996",21009,"Barren","Kentucky",58,0.588,44249,47.8,"D",131.076408506407
"997",21011,"Bath","Kentucky",18,0.443,12500,55.6,"B",144
"998",21013,"Bell","Kentucky",49,0.44,26032,47.3,"D",188.229870928089
"999",21015,"Boone","Kentucky",110,0.52,133581,64.9,"A",82.3470403725081
"1000",21017,"Bourbon","Kentucky",29,0.769,19788,60.3,"B",146.553466747524
"1001",21019,"Boyd","Kentucky",74,0.354,46718,51.4,"C",158.397191660602
"1002",21021,"Boyle","Kentucky",40,0.598,30060,59.2,"C",133.067198935462
"1003",21023,"Bracken","Kentucky",17,0.392,8303,48.8,"A",204.745272792966
"1004",21025,"Breathitt","Kentucky",23,0.438,12630,54.1,"C",182.106096595408
"1005",21027,"Breckinridge","Kentucky",38,0.517,20477,51.3,"C",185.574058700005
"1006",21029,"Bullitt","Kentucky",93,0.535,81676,46.9,"A",113.864537930359
"1007",21031,"Butler","Kentucky",15,0.535,12879,46.9,"C",116.468669927789
"1008",21033,"Caldwell","Kentucky",12,0.438,12747,53.5,"C",94.1397975994352
"1009",21035,"Calloway","Kentucky",37,0.432,39001,48,"B",94.869362324043
"1010",21037,"Campbell","Kentucky",82,0.43,93584,67.1,"A",87.6218156949906
"1011",21039,"Carlisle","Kentucky",12,0.428,4760,42.1,"B",252.100840336134
"1012",21041,"Carroll","Kentucky",20,0.346,10631,48.3,"D",188.129056532781
"1013",21043,"Carter","Kentucky",45,0.383,26797,50.8,"C",167.929245811098
"1014",21045,"Casey","Kentucky",21,0.444,16159,37.5,"D",129.958537038183
"1015",21047,"Christian","Kentucky",59,0.365,70461,38.3,"D",83.7342643448149
"1016",21049,"Clark","Kentucky",35,0.48,36263,56.6,"C",96.517111104983
"1017",21051,"Clay","Kentucky",38,0.44,19901,46.2,"D",190.945178634239
"1018",21053,"Clinton","Kentucky",17,0.375,10218,42.7,"D",166.373067136426
"1019",21055,"Crittenden","Kentucky",18,0.319,8806,42.2,"C",204.406086759028
"1020",21057,"Cumberland","Kentucky",10,0.374,6614,46.3,"C",151.194436044754
"1021",21059,"Daviess","Kentucky",117,0.531,101511,55.9,"C",115.258444897597
"1022",21061,"Edmonson","Kentucky",34,0.624,12150,35.4,"B",279.835390946502
"1023",21063,"Elliott","Kentucky",9,0.443,7517,36.7,"B",119.728615139018
"1024",21065,"Estill","Kentucky",21,0.402,14106,54,"D",148.872820076563
"1025",21067,"Fayette","Kentucky",223,0.65,323152,69.8,"C",69.0077734316978
"1026",21069,"Fleming","Kentucky",29,0.502,14581,53.2,"C",198.888965091558
"1027",21071,"Floyd","Kentucky",97,0.54,35589,58.6,"D",272.556126893141
"1028",21073,"Franklin","Kentucky",72,0.521,50991,63.8,"C",141.20138848032
"1029",21075,"Fulton","Kentucky",19,0.38,5969,61.4,"D",318.311274920422
"1030",21077,"Gallatin","Kentucky",13,0.466,8869,42.1,"C",146.577968203856
"1031",21079,"Garrard","Kentucky",30,0.54,17666,49.6,"A",169.817728970905
"1032",21081,"Grant","Kentucky",24,0.608,25069,50.6,"B",95.735769276796
"1033",21083,"Graves","Kentucky",62,0.34,37266,47.3,"C",166.371491439918
"1034",21085,"Grayson","Kentucky",43,0.627,26427,53.6,"C",162.712377492716
"1035",21087,"Green","Kentucky",12,0.488,10941,44.7,"C",109.679188374006
"1036",21089,"Greenup","Kentucky",48,0.342,35098,54.6,"A",136.759929340703
"1037",21091,"Hancock","Kentucky",10,0.546,8722,61.2,"A",114.652602614079
"1038",21093,"Hardin","Kentucky",140,0.558,110958,68.1,"C",126.173867589538
"1039",21095,"Harlan","Kentucky",68,0.606,26010,47.7,"D",261.437908496732
"1040",21097,"Harrison","Kentucky",31,0.804,18886,51.6,"B",164.142751244308
"1041",21099,"Hart","Kentucky",31,0.61,19035,36.8,"D",162.857893354347
"1042",21101,"Henderson","Kentucky",48,0.501,45210,54,"C",106.171201061712
"1043",21103,"Henry","Kentucky",20,0.398,16126,55.3,"C",124.02331638348
"1044",21105,"Hickman","Kentucky",9,0.415,4380,38.7,"B",205.479452054795
"1045",21107,"Hopkins","Kentucky",57,0.502,44686,53.6,"C",127.556729176923
"1046",21109,"Jackson","Kentucky",26,0.421,13329,37.8,"C",195.063395603571
"1047",21111,"Jefferson","Kentucky",770,0.602,766757,67.2,"C",100.422950165437
"1048",21113,"Jessamine","Kentucky",50,0.628,54115,55.9,"B",92.3958237087684
"1049",21115,"Johnson","Kentucky",58,0.612,22188,51.5,"C",261.402559942311
"1050",21117,"Kenton","Kentucky",149,0.5,166998,63.4,"B",89.2226254206637
"1051",21119,"Knott","Kentucky",29,0.497,14806,49.1,"D",195.866540591652
"1052",21121,"Knox","Kentucky",63,0.471,31145,37.7,"D",202.279659656446
"1053",21123,"Larue","Kentucky",21,0.57,14398,45,"B",145.853590776497
"1054",21125,"Laurel","Kentucky",102,0.517,60813,41.5,"C",167.727295150708
"1055",21127,"Lawrence","Kentucky",32,0.479,15317,49.9,"C",208.918195469087
"1056",21129,"Lee","Kentucky",17,0.399,7403,51.1,"D",229.636633797109
"1057",21131,"Leslie","Kentucky",21,0.487,9877,53.8,"C",212.615166548547
"1058",21133,"Letcher","Kentucky",49,0.624,21553,54.3,"D",227.346541084768
"1059",21135,"Lewis","Kentucky",24,0.357,13275,40.9,"C",180.790960451977
"1060",21137,"Lincoln","Kentucky",39,0.509,24549,42.3,"C",158.865941586215
"1061",21139,"Livingston","Kentucky",16,0.339,9194,50.7,"A",174.026539047205
"1062",21141,"Logan","Kentucky",38,0.523,27102,52.7,"B",140.211054534721
"1063",21143,"Lyon","Kentucky",11,0.384,8210,60.1,"A",133.982947624848
"1064",21145,"McCracken","Kentucky",104,0.37,65418,57.9,"C",158.977651410927
"1065",21147,"McCreary","Kentucky",22,0.441,17231,40.3,"C",127.676861470605
"1066",21149,"McLean","Kentucky",17,0.459,9207,52.9,"B",184.642120125991
"1067",21151,"Madison","Kentucky",94,0.471,92987,50.1,"B",101.089399593492
"1068",21153,"Magoffin","Kentucky",26,0.54,12161,52.3,"D",213.798207384261
"1069",21155,"Marion","Kentucky",28,0.654,19273,51.8,"D",145.28096300524
"1070",21157,"Marshall","Kentucky",40,0.395,31100,55.1,"A",128.617363344051
"1071",21159,"Martin","Kentucky",12,0.637,11195,55.6,"C",107.190710138455
"1072",21161,"Mason","Kentucky",34,0.479,17070,52.6,"C",199.179847685999
"1073",21163,"Meade","Kentucky",37,0.559,28572,40.9,"A",129.497410051799
"1074",21165,"Menifee","Kentucky",9,0.468,6489,46,"B",138.69625520111
"1075",21167,"Mercer","Kentucky",22,0.567,21933,56.3,"B",100.305475767109
"1076",21169,"Metcalfe","Kentucky",25,0.487,10071,41.7,"B",248.237513653063
"1077",21171,"Monroe","Kentucky",25,0.448,10650,47.3,"C",234.741784037559
"1078",21173,"Montgomery","Kentucky",50,0.452,28157,48.3,"C",177.575736051426
"1079",21175,"Morgan","Kentucky",19,0.498,13309,49.6,"C",142.760537981817
"1080",21177,"Muhlenberg","Kentucky",32,0.488,30622,52.9,"B",104.50003265626
"1081",21179,"Nelson","Kentucky",56,0.548,46233,54,"A",121.125602924318
"1082",21181,"Nicholas","Kentucky",6,0.591,7269,54.2,"B",82.5423029302518
"1083",21183,"Ohio","Kentucky",28,0.492,23994,41.2,"B",116.695840626823
"1084",21185,"Oldham","Kentucky",48,0.56,66799,59.6,"A",71.8573631341787
"1085",21187,"Owen","Kentucky",11,0.558,10901,38.9,"B",100.908173562059
"1086",21189,"Owsley","Kentucky",9,0.382,4415,48.8,"C",203.850509626274
"1087",21191,"Pendleton","Kentucky",14,0.613,14590,45.5,"B",95.9561343385881
"1088",21193,"Perry","Kentucky",74,0.502,25758,63.7,"C",287.289385821881
"1089",21195,"Pike","Kentucky",136,0.545,57876,54.1,"C",234.985140645518
"1090",21197,"Powell","Kentucky",22,0.455,12359,54.2,"C",178.00792944413
"1091",21199,"Pulaski","Kentucky",99,0.487,64979,47.9,"C",152.3569153111
"1092",21201,"Robertson","Kentucky",4,0.586,2108,39.9,"B",189.753320683112
"1093",21203,"Rockcastle","Kentucky",22,0.474,16695,41.7,"C",131.775980832585
"1094",21205,"Rowan","Kentucky",34,0.467,24460,54,"B",139.002452984464
"1095",21207,"Russell","Kentucky",33,0.365,17923,47.2,"C",184.12096189254
"1096",21209,"Scott","Kentucky",47,0.759,57004,57.8,"A",82.4503543610975
"1097",21211,"Shelby","Kentucky",49,0.487,49024,48.8,"B",99.951044386423
"1098",21213,"Simpson","Kentucky",31,0.426,18572,52.5,"B",166.917940986431
"1099",21215,"Spencer","Kentucky",23,0.453,19351,31.3,"A",118.856906619813
"1100",21217,"Taylor","Kentucky",38,0.533,25769,49.5,"B",147.464007140362
"1101",21219,"Todd","Kentucky",9,0.394,12294,44.1,"D",73.2064421669107
"1102",21221,"Trigg","Kentucky",19,0.597,14651,48.7,"B",129.683980615658
"1103",21223,"Trimble","Kentucky",21,0.342,8471,45.7,"C",247.904615747846
"1104",21225,"Union","Kentucky",18,0.309,14381,43.9,"A",125.165148459773
"1105",21227,"Warren","Kentucky",109,0.609,132896,40.3,"C",82.0190223934505
"1106",21229,"Washington","Kentucky",18,0.562,12095,52.8,"B",148.821827201323
"1107",21231,"Wayne","Kentucky",33,0.417,20333,43.8,"C",162.297742585944
"1108",21233,"Webster","Kentucky",13,0.451,12942,47.8,"C",100.448153299336
"1109",21235,"Whitley","Kentucky",89,0.476,36264,45.8,"C",245.422457533642
"1110",21237,"Wolfe","Kentucky",16,0.448,7157,55.2,"D",223.55735643426
"1111",21239,"Woodford","Kentucky",23,0.698,26734,68.9,"A",86.0327672626618
"1112",22001,"Acadia","Louisiana",51,0.362,62045,54.1,"D",82.1984043839149
"1113",22003,"Allen","Louisiana",24,0.416,25627,37.6,"C",93.65122722129
"1114",22005,"Ascension","Louisiana",54,0.569,126604,52.2,"B",42.6526807999747
"1115",22007,"Assumption","Louisiana",15,0.468,21891,44.8,"D",68.5213101274496
"1116",22009,"Avoyelles","Louisiana",37,0.459,40144,49.2,"D",92.1681944998007
"1117",22011,"Beauregard","Louisiana",16,0.486,37497,37.1,"C",42.6700802730885
"1118",22013,"Bienville","Louisiana",16,0.409,13241,52,"D",120.836794804018
"1119",22015,"Bossier","Louisiana",119,0.468,127039,52.3,"C",93.672021977503
"1120",22017,"Caddo","Louisiana",254,0.497,240204,50,"D",105.743451399644
"1121",22019,"Calcasieu","Louisiana",98,0.471,203436,43.7,"C",48.1723981989422
"1122",22021,"Caldwell","Louisiana",13,0.498,9918,39.9,"D",131.074813470458
"1123",22023,"Cameron","Louisiana",7,0.505,6973,18.4,"A",100.38720780152
"1124",22025,"Catahoula","Louisiana",12,0.6,9494,41.9,"D",126.395618285233
"1125",22027,"Claiborne","Louisiana",16,0.473,15670,41.8,"D",102.105934907466
"1126",22029,"Concordia","Louisiana",11,0.579,19259,45.8,"D",57.1161534866815
"1127",22031,"De Soto","Louisiana",27,0.596,27463,43.9,"D",98.3140953282598
"1128",22033,"East Baton Rouge","Louisiana",224,0.642,440059,57.6,"D",50.9022653780516
"1129",22035,"East Carroll","Louisiana",6,0.674,6861,47.8,"D",87.4508089199825
"1130",22037,"East Feliciana","Louisiana",34,0.42,19135,42.1,"D",177.684870655866
"1131",22039,"Evangeline","Louisiana",20,0.387,33395,39.7,"D",59.889204970804
"1132",22041,"Franklin","Louisiana",47,0.565,20015,38.1,"D",234.823882088434
"1133",22043,"Grant","Louisiana",20,0.535,22389,44.3,"C",89.3295814909107
"1134",22045,"Iberia","Louisiana",41,0.467,69830,48.4,"D",58.7140197622798
"1135",22047,"Iberville","Louisiana",27,0.644,32511,58.8,"D",83.0488142474855
"1136",22049,"Jackson","Louisiana",18,0.383,15744,44.5,"D",114.329268292683
"1137",22051,"Jefferson","Louisiana",238,0.685,432493,67.3,"D",55.0297923897034
"1138",22053,"Jefferson Davis","Louisiana",41,0.354,31368,37.8,"D",130.706452435603
"1139",22055,"Lafayette","Louisiana",114,0.533,244390,51.6,"C",46.6467531404722
"1140",22057,"Lafourche","Louisiana",78,0.573,97614,46.2,"D",79.9065707787817
"1141",22059,"LaSalle","Louisiana",22,0.571,14892,47.1,"C",147.730325006715
"1142",22061,"Lincoln","Louisiana",38,0.417,46742,44.7,"D",81.2973343031963
"1143",22063,"Livingston","Louisiana",93,0.463,140789,41,"B",66.0562970118404
"1144",22065,"Madison","Louisiana",9,0.617,10951,47.7,"D",82.1842754086385
"1145",22067,"Morehouse","Louisiana",26,0.566,24874,47.2,"D",104.526815148348
"1146",22069,"Natchitoches","Louisiana",45,0.561,38158,44.8,"D",117.930709156664
"1147",22071,"Orleans","Louisiana",172,0.654,390144,72.5,"D",44.0862860892388
"1148",22073,"Ouachita","Louisiana",227,0.476,153279,46.7,"D",148.095955740839
"1149",22075,"Plaquemines","Louisiana",7,0.513,23197,71.1,"C",30.1763159029185
"1150",22077,"Pointe Coupee","Louisiana",12,0.608,21730,56.7,"D",55.2231937413714
"1151",22079,"Rapides","Louisiana",124,0.524,129648,51.6,"D",95.6435887942737
"1152",22081,"Red River","Louisiana",10,0.527,8442,38,"D",118.455342335939
"1153",22083,"Richland","Louisiana",29,0.534,20122,44.1,"D",144.120862737302
"1154",22085,"Sabine","Louisiana",26,0.564,23884,39.8,"D",108.859487523028
"1155",22087,"St. Bernard","Louisiana",19,0.524,47244,50.6,"D",40.2167471001609
"1156",22089,"St. Charles","Louisiana",25,0.667,53100,58.1,"B",47.0809792843691
"1157",22091,"St. Helena","Louisiana",14,0.434,10132,32.3,"D",138.176075799447
"1158",22093,"St. James","Louisiana",9,0.603,21096,53,"C",42.6621160409556
"1159",22095,"St. John the Baptist","Louisiana",16,0.577,42837,61.7,"C",37.3508882508112
"1160",22097,"St. Landry","Louisiana",77,0.515,82124,43.2,"D",93.7606546198432
"1161",22099,"St. Martin","Louisiana",35,0.548,53431,41.3,"C",65.5050438883794
"1162",22101,"St. Mary","Louisiana",54,0.454,49348,46.2,"D",109.426927129772
"1163",22103,"St. Tammany","Louisiana",186,0.611,260419,58.3,"B",71.423360046694
"1164",22105,"Tangipahoa","Louisiana",126,0.566,134758,48,"D",93.500942430134
"1165",22107,"Tensas","Louisiana",5,0.625,4334,64.5,"C",115.366866635902
"1166",22109,"Terrebonne","Louisiana",76,0.519,110461,46.8,"D",68.8025638007985
"1167",22111,"Union","Louisiana",29,0.436,22108,46.7,"C",131.174235570834
"1168",22113,"Vermilion","Louisiana",47,0.449,59511,39.3,"D",78.9769958495068
"1169",22115,"Vernon","Louisiana",32,0.453,47429,60.3,"D",67.4692698559953
"1170",22117,"Washington","Louisiana",43,0.461,46194,43.1,"D",93.0856821232195
"1171",22119,"Webster","Louisiana",45,0.494,38340,44.2,"D",117.370892018779
"1172",22121,"West Baton Rouge","Louisiana",14,0.649,26465,55.1,"C",52.9000566786322
"1173",22123,"West Carroll","Louisiana",20,0.677,10830,41.6,"C",184.672206832872
"1174",22125,"West Feliciana","Louisiana",7,0.496,15568,90.5,"B",44.9640287769784
"1175",22127,"Winn","Louisiana",13,0.443,13904,49,"C",93.4982738780207
"1176",23001,"Androscoggin","Maine",162,0.577,108277,73.2,"C",149.616261994699
"1177",23003,"Aroostook","Maine",88,0.447,67055,71.7,"C",131.235552904332
"1178",23005,"Cumberland","Maine",193,0.669,295003,92.9,"A",65.4230634942696
"1179",23007,"Franklin","Maine",26,0.579,30199,67.2,"B",86.095566078347
"1180",23009,"Hancock","Maine",48,0.594,54987,80.9,"A",87.2933602487861
"1181",23011,"Kennebec","Maine",143,0.54,122302,75.3,"B",116.923680724763
"1182",23013,"Knox","Maine",29,0.625,39772,88,"A",72.9156190284622
"1183",23015,"Lincoln","Maine",32,0.688,34634,84.8,"A",92.3947565975631
"1184",23017,"Oxford","Maine",71,0.589,57975,71.3,"B",122.466580422596
"1185",23019,"Penobscot","Maine",153,0.617,152148,74.4,"B",100.559981071062
"1186",23021,"Piscataquis","Maine",31,0.479,16785,64.4,"B",184.688710157879
"1187",23023,"Sagadahoc","Maine",21,0.664,35856,84,"A",58.5676037483266
"1188",23025,"Somerset","Maine",49,0.558,50484,64.6,"B",97.0604547975596
"1189",23027,"Waldo","Maine",39,0.585,39715,74.6,"B",98.1996726677578
"1190",23029,"Washington","Maine",28,0.612,31379,75.8,"C",89.2316517416106
"1191",23031,"York","Maine",167,0.655,207641,83.6,"A",80.4272759233485
"1192",24001,"Allegany","Maryland",87,0.736,70416,57.5,"C",123.551465576005
"1193",24003,"Anne Arundel","Maryland",401,0.739,579234,80.8,"A",69.2293615360977
"1194",24005,"Baltimore","Maryland",752,0.777,827370,76,"C",90.890411786746
"1195",24009,"Calvert","Maryland",60,0.72,92525,73.7,"A",64.8473385571467
"1196",24011,"Caroline","Maryland",47,0.77,33406,59,"C",140.693288630785
"1197",24013,"Carroll","Maryland",134,0.746,168447,74.8,"A",79.550244290489
"1198",24015,"Cecil","Maryland",95,0.738,102855,61.7,"B",92.3630353410141
"1199",24017,"Charles","Maryland",132,0.667,163257,74.1,"A",80.8541134530219
"1200",24019,"Dorchester","Maryland",22,0.844,31929,61.8,"D",68.9028782611419
"1201",24021,"Frederick","Maryland",166,0.762,259547,82.5,"A",63.9575876430858
"1202",24023,"Garrett","Maryland",26,0.571,29014,53,"A",89.6119114910043
"1203",24025,"Harford","Maryland",248,0.778,255441,72.8,"A",97.086998563269
"1204",24027,"Howard","Maryland",137,0.723,325690,90.6,"A",42.0645398999048
"1205",24029,"Kent","Maryland",15,0.714,19422,68.4,"B",77.2320049428483
"1206",24031,"Montgomery","Maryland",519,0.777,1050688,93.7,"B",49.3962051531949
"1207",24033,"Prince George's","Maryland",602,0.72,909327,79.3,"D",66.2028071309881
"1208",24035,"Queen Anne's","Maryland",46,0.605,50381,70.1,"A",91.304261527163
"1209",24037,"St. Mary's","Maryland",60,0.763,113510,68.9,"B",52.858778962206
"1210",24039,"Somerset","Maryland",21,0.812,25616,52.1,"D",81.9800124921924
"1211",24041,"Talbot","Maryland",43,0.843,37181,76.7,"A",115.650466636185
"1212",24043,"Washington","Maryland",157,0.642,151049,62,"C",103.939781130626
"1213",24045,"Wicomico","Maryland",100,0.804,103609,58.2,"D",96.5167118686601
"1214",24047,"Worcester","Maryland",50,0.842,52276,75,"B",95.6461856301171
"1215",24510,"Baltimore city","Maryland",490,0.733,593490,68,"D",82.562469460311
"1216",25001,"Barnstable","Massachusetts",163,0.839,NA,NA,NA,NA
"1217",25003,"Berkshire","Massachusetts",99,0.834,124944,63.9,"B",79.2354975028813
"1218",25005,"Bristol","Massachusetts",419,0.747,565217,70.4,"C",74.1308205521065
"1219",25007,"Dukes","Massachusetts",0,0.786,NA,NA,NA,NA
"1220",25009,"Essex","Massachusetts",452,0.788,789034,78.7,"C",57.2852373915446
"1221",25011,"Franklin","Massachusetts",46,0.762,70180,73.9,"B",65.5457395269308
"1222",25013,"Hampden","Massachusetts",320,0.786,466372,70.1,"D",68.6147538874546
"1223",25015,"Hampshire","Massachusetts",76,0.857,160830,72.1,"B",47.2548653858111
"1224",25017,"Middlesex","Massachusetts",798,0.798,1611699,85.5,"B",49.5129673716991
"1225",25019,"Nantucket","Massachusetts",0,0.792,NA,NA,NA,NA
"1226",25021,"Norfolk","Massachusetts",382,0.805,706775,84.7,"B",54.0483180644477
"1227",25023,"Plymouth","Massachusetts",343,0.812,521202,75.3,"B",65.8094174619437
"1228",25025,"Suffolk","Massachusetts",352,0.788,803907,78.2,"D",43.7861593443023
"1229",25027,"Worcester","Massachusetts",494,0.768,830622,74.7,"B",59.4735029893261
"1230",26001,"Alcona","Michigan",21,0.576,10405,59.6,"A",201.826045170591
"1231",26003,"Alger","Michigan",7,0.595,9108,64.1,"B",76.8555116381203
"1232",26005,"Allegan","Michigan",112,0.5,118081,53.7,"A",94.8501452392849
"1233",26007,"Alpena","Michigan",40,0.612,28405,57,"B",140.820278120049
"1234",26009,"Antrim","Michigan",25,0.625,23324,59.7,"A",107.185731435431
"1235",26011,"Arenac","Michigan",31,0.484,14883,52.1,"B",208.291339111738
"1236",26013,"Baraga","Michigan",10,0.558,8209,62.9,"B",121.817517358996
"1237",26015,"Barry","Michigan",57,0.504,61550,50.7,"A",92.6076360682372
"1238",26017,"Bay","Michigan",192,0.627,103126,58.5,"B",186.180012799876
"1239",26019,"Benzie","Michigan",23,0.715,17766,64.3,"A",129.46076775864
"1240",26021,"Berrien","Michigan",274,0.555,153401,58.4,"C",178.616827791214
"1241",26023,"Branch","Michigan",61,0.399,43517,46.6,"C",140.175103982352
"1242",26025,"Calhoun","Michigan",195,0.559,134159,53.8,"C",145.349920616582
"1243",26027,"Cass","Michigan",61,0.48,51787,45.6,"A",117.790179002452
"1244",26029,"Charlevoix","Michigan",16,0.626,26143,66.1,"A",61.2018513560035
"1245",26031,"Cheboygan","Michigan",48,0.584,25276,57.8,"B",189.90346573825
"1246",26033,"Chippewa","Michigan",53,0.593,37349,71.7,"C",141.904736405259
"1247",26035,"Clare","Michigan",47,0.514,30950,47.3,"D",151.857835218094
"1248",26037,"Clinton","Michigan",67,0.603,79595,59.4,"A",84.1761417174446
"1249",26039,"Crawford","Michigan",16,0.666,14029,52.5,"B",114.04946895716
"1250",26041,"Delta","Michigan",45,0.532,35784,63.9,"B",125.754527162978
"1251",26043,"Dickinson","Michigan",34,0.516,25239,69.9,"A",134.712151828519
"1252",26045,"Eaton","Michigan",128,0.52,110268,58.4,"A",116.080821271811
"1253",26047,"Emmet","Michigan",46,0.618,33415,74.3,"A",137.662726320515
"1254",26049,"Genesee","Michigan",604,0.533,405813,51.5,"C",148.837025920806
"1255",26051,"Gladwin","Michigan",38,0.503,25449,48.7,"C",149.318244331801
"1256",26053,"Gogebic","Michigan",15,0.501,13975,67,"B",107.334525939177
"1257",26055,"Grand Traverse","Michigan",89,0.672,93088,68,"A",95.6084565142661
"1258",26057,"Gratiot","Michigan",46,0.596,40711,47,"B",112.991574758665
"1259",26059,"Hillsdale","Michigan",47,0.424,45605,39.8,"B",103.058875123342
"1260",26061,"Houghton","Michigan",33,0.505,35684,54.5,"B",92.478421701603
"1261",26063,"Huron","Michigan",39,0.544,30981,55.5,"A",125.883606081147
"1262",26065,"Ingham","Michigan",295,0.595,292406,58.7,"C",100.887122699261
"1263",26067,"Ionia","Michigan",59,0.394,NA,NA,NA,NA
"1264",26069,"Iosco","Michigan",57,0.511,25127,57.2,"B",226.847614120269
"1265",26071,"Iron","Michigan",28,0.533,11066,57.5,"B",253.027290800651
"1266",26073,"Isabella","Michigan",70,0.544,69872,45.8,"C",100.183192122739
"1267",26075,"Jackson","Michigan",193,0.511,NA,NA,NA,NA
"1268",26077,"Kalamazoo","Michigan",223,0.693,265066,63.6,"B",84.1299902665751
"1269",26079,"Kalkaska","Michigan",21,0.646,18038,47.5,"B",116.42088923384
"1270",26081,"Kent","Michigan",520,0.641,NA,NA,NA,NA
"1271",26083,"Keweenaw","Michigan",4,0.518,2116,60.3,"A",189.035916824197
"1272",26085,"Lake","Michigan",11,0.548,11853,65.6,"C",92.8035096600017
"1273",26087,"Lapeer","Michigan",136,0.622,87607,48.1,"A",155.238736630635
"1274",26089,"Leelanau","Michigan",25,0.663,21761,83.9,"A",114.884426267175
"1275",26091,"Lenawee","Michigan",102,0.612,98451,54.5,"B",103.604838955419
"1276",26093,"Livingston","Michigan",161,0.687,191995,61.4,"A",83.8563504257923
"1277",26095,"Luce","Michigan",15,0.617,6229,45.7,"B",240.809118638626
"1278",26097,"Mackinac","Michigan",19,0.599,10799,76.3,"C",175.942216871933
"1279",26099,"Macomb","Michigan",1238,0.688,873972,57.8,"B",141.652135308683
"1280",26101,"Manistee","Michigan",44,0.707,24558,61.5,"B",179.167684664875
"1281",26103,"Marquette","Michigan",64,0.578,66699,66.6,"A",95.9534625706532
"1282",26105,"Mason","Michigan",45,0.561,NA,NA,NA,NA
"1283",26107,"Mecosta","Michigan",39,0.475,NA,NA,NA,NA
"1284",26109,"Menominee","Michigan",18,0.547,22780,60.3,"A",79.0166812993854
"1285",26111,"Midland","Michigan",69,0.626,83156,60.6,"A",82.9765741497907
"1286",26113,"Missaukee","Michigan",23,0.666,NA,NA,NA,NA
"1287",26115,"Monroe","Michigan",148,0.663,150500,59.5,"A",98.3388704318937
"1288",26117,"Montcalm","Michigan",73,0.458,NA,NA,NA,NA
"1289",26119,"Montmorency","Michigan",11,0.574,9328,55.6,"B",117.924528301887
"1290",26121,"Muskegon","Michigan",187,0.611,NA,NA,NA,NA
"1291",26123,"Newaygo","Michigan",51,0.454,NA,NA,NA,NA
"1292",26125,"Oakland","Michigan",1263,0.727,1257584,67.8,"A",100.430667056833
"1293",26127,"Oceana","Michigan",19,0.616,NA,NA,NA,NA
"1294",26129,"Ogemaw","Michigan",35,0.458,20997,46.6,"C",166.690479592323
"1295",26131,"Ontonagon","Michigan",21,0.501,5720,71.7,"A",367.132867132867
"1296",26133,"Osceola","Michigan",35,0.531,23460,43,"C",149.190110826939
"1297",26135,"Oscoda","Michigan",9,0.593,8241,42.6,"C",109.210047324354
"1298",26137,"Otsego","Michigan",34,0.602,24668,56.6,"B",137.830387546619
"1299",26139,"Ottawa","Michigan",247,0.531,291830,59.5,"A",84.6383168282904
"1300",26141,"Presque Isle","Michigan",15,0.575,12592,61.4,"A",119.123252858958
"1301",26143,"Roscommon","Michigan",27,0.637,24019,57.6,"C",112.411007952038
"1302",26145,"Saginaw","Michigan",274,0.616,190539,54.1,"C",143.802581098883
"1303",26147,"St. Clair","Michigan",256,0.64,159128,50.2,"B",160.876778442512
"1304",26149,"St. Joseph","Michigan",74,0.488,60964,45.9,"C",121.3831113444
"1305",26151,"Sanilac","Michigan",52,0.522,41170,43.3,"B",126.305562302648
"1306",26153,"Schoolcraft","Michigan",10,0.611,8094,57.2,"B",123.548307388189
"1307",26155,"Shiawassee","Michigan",73,0.475,68122,52.3,"A",107.160682305276
"1308",26157,"Tuscola","Michigan",67,0.536,52245,46.8,"B",128.241937027467
"1309",26159,"Van Buren","Michigan",111,0.587,NA,NA,NA,NA
"1310",26161,"Washtenaw","Michigan",214,0.733,367601,73.8,"B",58.2152932119336
"1311",26163,"Wayne","Michigan",2370,0.69,1749343,55.6,"D",135.479434279041
"1312",26165,"Wexford","Michigan",39,0.659,33631,52.5,"B",115.964437572478
"1313",27001,"Aitkin","Minnesota",11,0.375,15886,60.8,"B",69.2433589323933
"1314",27003,"Anoka","Minnesota",185,0.492,356921,62,"A",51.8321981614979
"1315",27005,"Becker","Minnesota",18,0.252,34423,57,"B",52.2906196438428
"1316",27007,"Beltrami","Minnesota",25,0.34,47188,72.2,"D",52.9795710773926
"1317",27009,"Benton","Minnesota",56,0.42,40889,45.8,"B",136.956149575681
"1318",27011,"Big Stone","Minnesota",5,0.292,4991,65.8,"A",100.180324584252
"1319",27013,"Blue Earth","Minnesota",36,0.435,67653,63,"B",53.2127178395637
"1320",27015,"Brown","Minnesota",23,0.322,25008,67.5,"A",91.9705694177863
"1321",27017,"Carlton","Minnesota",37,0.469,35871,67.1,"A",103.147389255945
"1322",27019,"Carver","Minnesota",44,0.368,105089,70.1,"A",41.8692727117015
"1323",27021,"Cass","Minnesota",28,0.426,29779,59.6,"B",94.0259914704993
"1324",27023,"Chippewa","Minnesota",10,0.318,11800,55.9,"C",84.7457627118644
"1325",27025,"Chisago","Minnesota",31,0.414,56579,59.7,"A",54.7906467063751
"1326",27027,"Clay","Minnesota",22,0.419,64222,66.1,"B",34.2561738967955
"1327",27029,"Clearwater","Minnesota",7,0.351,8818,43.3,"D",79.3830800635065
"1328",27031,"Cook","Minnesota",4,0.5,5463,83.5,"A",73.2198425773385
"1329",27033,"Cottonwood","Minnesota",8,0.263,11196,58,"B",71.4540907466952
"1330",27035,"Crow Wing","Minnesota",46,0.411,65055,58.4,"A",70.7093997386827
"1331",27037,"Dakota","Minnesota",220,0.488,429021,72.8,"A",51.279541094725
"1332",27039,"Dodge","Minnesota",11,0.473,20934,62.4,"A",52.5460972580491
"1333",27041,"Douglas","Minnesota",29,0.35,38141,59.4,"A",76.0336645604468
"1334",27043,"Faribault","Minnesota",19,0.34,13653,58.9,"A",139.1635537977
"1335",27045,"Fillmore","Minnesota",17,0.483,21067,71.2,"A",80.6949257132007
"1336",27047,"Freeborn","Minnesota",38,0.291,30281,59.7,"B",125.491232125755
"1337",27049,"Goodhue","Minnesota",44,0.513,46340,68.8,"A",94.9503668536901
"1338",27051,"Grant","Minnesota",5,0.396,5972,56.9,"A",83.7240455458808
"1339",27053,"Hennepin","Minnesota",669,0.596,1265843,78,"B",52.850155983009
"1340",27055,"Houston","Minnesota",9,0.478,18600,63.3,"A",48.3870967741936
"1341",27057,"Hubbard","Minnesota",17,0.38,21491,49.3,"A",79.1028802754641
"1342",27059,"Isanti","Minnesota",30,0.442,40596,44.8,"A",73.8989062961868
"1343",27061,"Itasca","Minnesota",55,0.336,45130,58.4,"B",121.870152891646
"1344",27063,"Jackson","Minnesota",4,0.34,9846,53.1,"A",40.6256347755434
"1345",27065,"Kanabec","Minnesota",16,0.346,16337,44.4,"A",97.9371977719287
"1346",27067,"Kandiyohi","Minnesota",29,0.312,43199,56.7,"B",67.1311835922128
"1347",27069,"Kittson","Minnesota",8,0.292,4298,62.1,"A",186.133085155886
"1348",27071,"Koochiching","Minnesota",13,0.316,12229,60.5,"B",106.304685583449
"1349",27073,"Lac qui Parle","Minnesota",4,0.293,6623,61.1,"A",60.3955911218481
"1350",27075,"Lake","Minnesota",7,0.464,10641,68.3,"A",65.7832910440748
"1351",27077,"Lake of the Woods","Minnesota",1,0.313,3740,57,"A",26.7379679144385
"1352",27079,"Le Sueur","Minnesota",13,0.377,28887,51,"A",45.0029425000865
"1353",27081,"Lincoln","Minnesota",2,0.317,5639,55.8,"A",35.4672814328782
"1354",27083,"Lyon","Minnesota",14,0.339,25474,58.8,"B",54.9579963884745
"1355",27085,"McLeod","Minnesota",28,0.186,35893,59.8,"A",78.0096397626278
"1356",27087,"Mahnomen","Minnesota",2,0.382,5527,63.3,"D",36.1859960195404
"1357",27089,"Marshall","Minnesota",6,0.315,9336,51.5,"A",64.26735218509
"1358",27091,"Martin","Minnesota",21,0.366,19683,57.2,"A",106.691053193111
"1359",27093,"Meeker","Minnesota",15,0.367,23222,49.7,"A",64.5939195590388
"1360",27095,"Mille Lacs","Minnesota",33,0.349,26277,59.9,"C",125.58511245576
"1361",27097,"Morrison","Minnesota",31,0.373,33386,51.9,"A",92.8532917989576
"1362",27099,"Mower","Minnesota",26,0.448,40062,64.4,"C",64.8994059208227
"1363",27101,"Murray","Minnesota",8,0.303,8194,56.7,"A",97.6324139614352
"1364",27103,"Nicollet","Minnesota",11,0.392,34274,64.8,"A",32.0942988854525
"1365",27105,"Nobles","Minnesota",9,0.284,21629,63.6,"D",41.6108003143927
"1366",27107,"Norman","Minnesota",6,0.428,6375,62.5,"B",94.1176470588235
"1367",27109,"Olmsted","Minnesota",77,0.485,158293,80.8,"A",48.6439703587651
"1368",27111,"Otter Tail","Minnesota",38,0.291,58746,53.3,"B",64.6852551663092
"1369",27113,"Pennington","Minnesota",11,0.306,14119,54.9,"A",77.909200368298
"1370",27115,"Pine","Minnesota",28,0.364,29579,50.7,"C",94.6617532709017
"1371",27117,"Pipestone","Minnesota",5,0.317,9126,57.1,"B",54.7885163269779
"1372",27119,"Polk","Minnesota",36,0.295,31364,60.7,"B",114.781277898227
"1373",27121,"Pope","Minnesota",8,0.395,11249,59.5,"A",71.1174326606809
"1374",27123,"Ramsey","Minnesota",353,0.564,550321,75.4,"C",64.1443811884337
"1375",27125,"Red Lake","Minnesota",5,0.286,4055,58,"A",123.304562268804
"1376",27127,"Redwood","Minnesota",6,0.293,15170,56.3,"A",39.55174686882
"1377",27129,"Renville","Minnesota",7,0.247,14548,56.4,"A",48.1165795985703
"1378",27131,"Rice","Minnesota",55,0.454,66972,65.6,"B",82.1238726632025
"1379",27133,"Rock","Minnesota",3,0.328,9315,57.4,"A",32.2061191626409
"1380",27135,"Roseau","Minnesota",10,0.327,15165,53.3,"A",65.9413122321134
"1381",27137,"St. Louis","Minnesota",151,0.457,199070,69.7,"B",75.8527151253328
"1382",27139,"Scott","Minnesota",75,0.482,149013,72.1,"A",50.3311791588653
"1383",27141,"Sherburne","Minnesota",40,0.346,97238,48.1,"A",41.1361813282873
"1384",27143,"Sibley","Minnesota",9,0.233,14865,50.5,"A",60.5449041372351
"1385",27145,"Stearns","Minnesota",99,0.415,161075,61.5,"B",61.4620518392053
"1386",27147,"Steele","Minnesota",33,0.365,36649,62.9,"A",90.0433845398237
"1387",27149,"Stevens","Minnesota",5,0.397,9805,60.3,"A",50.9943906170321
"1388",27151,"Swift","Minnesota",6,0.353,9266,59.8,"B",64.7528599179797
"1389",27153,"Todd","Minnesota",21,0.363,24664,44.3,"C",85.1443399286409
"1390",27155,"Traverse","Minnesota",4,0.395,3259,67,"B",122.737035900583
"1391",27157,"Wabasha","Minnesota",8,0.427,21627,77.7,"A",36.9907985388635
"1392",27159,"Wadena","Minnesota",21,0.367,13682,51.2,"D",153.486332407543
"1393",27161,"Waseca","Minnesota",8,0.429,18612,58.8,"B",42.983021706426
"1394",27163,"Washington","Minnesota",145,0.503,262440,73.8,"A",55.2507239750038
"1395",27165,"Watonwan","Minnesota",7,0.352,10897,60.1,"C",64.2378636321924
"1396",27167,"Wilkin","Minnesota",10,0.352,6207,59.1,"A",161.108425970678
"1397",27169,"Winona","Minnesota",17,0.435,50484,68.5,"A",33.6740353379288
"1398",27171,"Wright","Minnesota",72,0.387,138377,57,"A",52.0317682851919
"1399",27173,"Yellow Medicine","Minnesota",11,0.326,9709,58.4,"B",113.296940982593
"1400",28001,"Adams","Mississippi",27,0.56,30693,57.2,"D",87.967940572769
"1401",28003,"Alcorn","Mississippi",51,0.428,36953,40.7,"D",138.013151841528
"1402",28005,"Amite","Mississippi",12,0.473,12297,41.4,"D",97.5847767748231
"1403",28007,"Attala","Mississippi",33,0.601,18174,56.2,"D",181.578078573787
"1404",28009,"Benton","Mississippi",11,0.489,8259,53.9,"C",133.18803729265
"1405",28011,"Bolivar","Mississippi",35,0.456,30628,61.3,"D",114.274520047016
"1406",28013,"Calhoun","Mississippi",27,0.494,14361,46,"D",188.009191560476
"1407",28015,"Carroll","Mississippi",17,0.537,9947,43,"C",170.905800743943
"1408",28017,"Chickasaw","Mississippi",27,0.525,17103,49.9,"D",157.867040870023
"1409",28019,"Choctaw","Mississippi",9,0.588,8210,37.4,"C",109.622411693057
"1410",28021,"Claiborne","Mississippi",9,0.598,8988,56.2,"D",100.133511348465
"1411",28023,"Clarke","Mississippi",16,0.597,15541,58.9,"C",102.953477897175
"1412",28025,"Clay","Mississippi",24,0.577,19316,48.6,"C",124.249326982812
"1413",28027,"Coahoma","Mississippi",22,0.459,22124,54,"D",99.4395226902911
"1414",28029,"Copiah","Mississippi",30,0.552,28065,56.3,"D",106.894708711919
"1415",28031,"Covington","Mississippi",22,0.506,18636,58.2,"D",118.051083923589
"1416",28033,"DeSoto","Mississippi",130,0.543,184945,57.5,"B",70.2911676444348
"1417",28035,"Forrest","Mississippi",59,0.527,74897,45.6,"D",78.7748507950919
"1418",28037,"Franklin","Mississippi",7,0.509,7713,49.8,"C",90.7558667185272
"1419",28039,"George","Mississippi",10,0.428,24500,41.4,"D",40.8163265306122
"1420",28041,"Greene","Mississippi",10,0.541,13586,38.1,"C",73.6051818047991
"1421",28043,"Grenada","Mississippi",27,0.486,20758,54.3,"D",130.070334328933
"1422",28045,"Hancock","Mississippi",29,0.503,47632,46.2,"C",60.8834397044004
"1423",28047,"Harrison","Mississippi",136,0.457,208080,57.5,"D",65.359477124183
"1424",28049,"Hinds","Mississippi",184,0.588,231840,60.5,"D",79.3650793650794
"1425",28051,"Holmes","Mississippi",15,0.672,17010,62.5,"D",88.1834215167548
"1426",28053,"Humphreys","Mississippi",11,0.61,8064,60.8,"D",136.40873015873
"1427",28055,"Issaquena","Mississippi",2,0.612,1327,45.5,"D",150.715900527506
"1428",28057,"Itawamba","Mississippi",35,0.464,23390,35.8,"B",149.636596836255
"1429",28059,"Jackson","Mississippi",97,0.472,143617,49.3,"C",67.5407507467779
"1430",28061,"Jasper","Mississippi",13,0.533,16383,53,"C",79.3505462979918
"1431",28063,"Jefferson","Mississippi",4,0.555,6990,73.2,"D",57.2246065808298
"1432",28065,"Jefferson Davis","Mississippi",13,0.445,11128,46.9,"D",116.822429906542
"1433",28067,"Jones","Mississippi",60,0.565,68098,44.9,"D",88.1083144879438
"1434",28069,"Kemper","Mississippi",9,0.687,9742,48.4,"D",92.3834941490454
"1435",28071,"Lafayette","Mississippi",44,0.56,54019,56.5,"B",81.4528221551676
"1436",28073,"Lamar","Mississippi",28,0.517,63343,61.3,"C",44.2037794231407
"1437",28075,"Lauderdale","Mississippi",59,0.643,74125,52.9,"D",79.5952782462057
"1438",28077,"Lawrence","Mississippi",14,0.471,12586,57.2,"D",111.234705228031
"1439",28079,"Leake","Mississippi",41,0.633,22786,50.9,"D",179.935047836391
"1440",28081,"Lee","Mississippi",76,0.505,85436,44.9,"D",88.9554754436069
"1441",28083,"Leflore","Mississippi",37,0.537,28183,63.9,"D",131.284817088316
"1442",28085,"Lincoln","Mississippi",28,0.516,34153,40.3,"C",81.9840131174421
"1443",28087,"Lowndes","Mississippi",51,0.59,58595,53.2,"D",87.0381431862787
"1444",28089,"Madison","Mississippi",65,0.502,106272,65.5,"B",61.1638060825053
"1445",28091,"Marion","Mississippi",28,0.408,24573,47.8,"D",113.946201115045
"1446",28093,"Marshall","Mississippi",38,0.55,35294,57.2,"D",107.667025556752
"1447",28095,"Monroe","Mississippi",46,0.539,35252,52.1,"C",130.489050266652
"1448",28097,"Montgomery","Mississippi",30,0.51,9775,57,"D",306.90537084399
"1449",28099,"Neshoba","Mississippi",37,0.729,29118,44.4,"D",127.069166838382
"1450",28101,"Newton","Mississippi",18,0.662,21018,55.7,"D",85.6408792463603
"1451",28103,"Noxubee","Mississippi",7,0.642,10417,56.9,"D",67.1978496688106
"1452",28105,"Oktibbeha","Mississippi",32,0.591,49587,52.7,"D",64.5330429346401
"1453",28107,"Panola","Mississippi",39,0.399,34192,49.4,"D",114.061768834815
"1454",28109,"Pearl River","Mississippi",42,0.487,55535,49.8,"C",75.6279823534708
"1455",28111,"Perry","Mississippi",8,0.503,11973,39.1,"D",66.8170049277541
"1456",28113,"Pike","Mississippi",34,0.531,39288,52.3,"D",86.5404194665038
"1457",28115,"Pontotoc","Mississippi",43,0.516,32174,42.8,"C",133.648287437061
"1458",28117,"Prentiss","Mississippi",25,0.389,25126,44,"D",99.4985274217942
"1459",28119,"Quitman","Mississippi",8,0.446,6792,55.6,"D",117.785630153121
"1460",28121,"Rankin","Mississippi",115,0.561,155271,52.7,"B",74.0640557476927
"1461",28123,"Scott","Mississippi",23,0.543,28124,52.5,"D",81.7806855354857
"1462",28125,"Sharkey","Mississippi",7,0.59,4321,57.6,"D",161.99953714418
"1463",28127,"Simpson","Mississippi",42,0.491,26658,46.8,"C",157.551204141346
"1464",28129,"Smith","Mississippi",18,0.417,15916,35.4,"C",113.093742146268
"1465",28131,"Stone","Mississippi",13,0.479,18336,47.5,"D",70.8987783595113
"1466",28133,"Sunflower","Mississippi",23,0.498,25110,54.8,"D",91.5969733174034
"1467",28135,"Tallahatchie","Mississippi",11,0.461,13809,42.8,"D",79.658193931494
"1468",28137,"Tate","Mississippi",35,0.437,28321,46.5,"C",123.583206807669
"1469",28139,"Tippah","Mississippi",33,0.434,22015,43.3,"D",149.89779695662
"1470",28141,"Tishomingo","Mississippi",25,0.37,19383,39.8,"C",128.979002218439
"1471",28143,"Tunica","Mississippi",10,0.568,9632,53.7,"D",103.820598006645
"1472",28145,"Union","Mississippi",32,0.47,28815,40.4,"C",111.053270865868
"1473",28147,"Walthall","Mississippi",17,0.409,14286,42.7,"D",118.997620047599
"1474",28149,"Warren","Mississippi",38,0.586,45381,59.6,"D",83.7354840131332
"1475",28151,"Washington","Mississippi",38,0.5,43909,52.7,"D",86.5426222414539
"1476",28153,"Wayne","Mississippi",17,0.587,20183,40.3,"D",84.2293018877273
"1477",28155,"Webster","Mississippi",24,0.502,9689,49.3,"C",247.703581380947
"1478",28157,"Wilkinson","Mississippi",7,0.481,8630,68,"D",81.1123986095017
"1479",28159,"Winston","Mississippi",11,0.676,17955,49.6,"D",61.2642717905876
"1480",28161,"Yalobusha","Mississippi",14,0.523,12108,67.4,"C",115.626032375289
"1481",28163,"Yazoo","Mississippi",20,0.608,29690,51.2,"D",67.3627484001347
"1482",29001,"Adair","Missouri",17,0.395,25343,47.8,"B",67.0796669691828
"1483",29003,"Andrew","Missouri",23,0.272,17712,40.6,"A",129.855465221319
"1484",29005,"Atchison","Missouri",6,0.382,5143,58.5,"A",116.663426015944
"1485",29007,"Audrain","Missouri",34,0.327,25388,39.6,"C",133.921537734363
"1486",29009,"Barry","Missouri",53,0.343,35789,46.2,"C",148.090195311409
"1487",29011,"Barton","Missouri",14,0.474,11754,34.5,"C",119.108388633657
"1488",29013,"Bates","Missouri",39,0.444,16172,40.4,"C",241.157556270096
"1489",29015,"Benton","Missouri",41,0.245,19443,50.3,"C",210.872807694286
"1490",29017,"Bollinger","Missouri",13,0.35,12133,34.2,"C",107.145800708811
"1491",29019,"Boone","Missouri",84,0.515,180463,66.1,"B",46.5469375993971
"1492",29021,"Buchanan","Missouri",85,0.302,87364,40.5,"D",97.2940799413946
"1493",29023,"Butler","Missouri",46,0.342,42478,36,"D",108.291350816893
"1494",29025,"Caldwell","Missouri",15,0.367,9020,40.5,"B",166.29711751663
"1495",29027,"Callaway","Missouri",45,0.344,44743,50.2,"A",100.574391524931
"1496",29029,"Camden","Missouri",43,0.371,46305,47.4,"B",92.8625418421337
"1497",29031,"Cape Girardeau","Missouri",60,0.389,78871,50.8,"B",76.0735885179597
"1498",29033,"Carroll","Missouri",8,0.351,8679,50.9,"B",92.1765180320313
"1499",29035,"Carter","Missouri",5,0.281,5982,34.4,"C",83.5840855901037
"1500",29037,"Cass","Missouri",113,0.535,105780,55,"A",106.82548685952
"1501",29039,"Cedar","Missouri",21,0.341,14349,32.8,"C",146.351662136734
"1502",29041,"Chariton","Missouri",10,0.38,7426,39.6,"A",134.661998384056
"1503",29043,"Christian","Missouri",70,0.451,88595,47.7,"A",79.011230882104
"1504",29045,"Clark","Missouri",18,0.32,6797,33,"B",264.822715904075
"1505",29047,"Clay","Missouri",342,0.655,249948,57,"A",136.828460319747
"1506",29049,"Clinton","Missouri",29,0.517,20387,50.3,"A",142.247510668563
"1507",29051,"Cole","Missouri",64,0.434,76745,54.9,"A",83.3930549221448
"1508",29053,"Cooper","Missouri",22,0.54,17709,46.7,"B",124.230617200294
"1509",29055,"Crawford","Missouri",37,0.391,23920,34.7,"D",154.682274247492
"1510",29057,"Dade","Missouri",9,0.369,7561,44.7,"C",119.031874090729
"1511",29059,"Dallas","Missouri",21,0.371,16878,36.3,"C",124.422324920014
"1512",29061,"Daviess","Missouri",18,0.291,8278,34.9,"C",217.443827011355
"1513",29063,"DeKalb","Missouri",12,0.323,12547,29.1,"A",95.6403921256077
"1514",29065,"Dent","Missouri",33,0.293,15573,35.8,"C",211.905220574071
"1515",29067,"Douglas","Missouri",19,0.328,13185,24.8,"B",144.103147516117
"1516",29069,"Dunklin","Missouri",41,0.478,29131,39,"D",140.743537811953
"1517",29071,"Franklin","Missouri",133,0.458,103967,55.9,"A",127.925207036848
"1518",29073,"Gasconade","Missouri",24,0.404,14706,51.9,"A",163.198694410445
"1519",29075,"Gentry","Missouri",9,0.251,6571,45.7,"C",136.965454268757
"1520",29077,"Greene","Missouri",283,0.418,293086,51.5,"C",96.5586892584429
"1521",29079,"Grundy","Missouri",14,0.236,9850,37.2,"C",142.131979695431
"1522",29081,"Harrison","Missouri",12,0.236,8352,35.8,"C",143.67816091954
"1523",29083,"Henry","Missouri",27,0.262,21824,47.8,"C",123.717008797654
"1524",29085,"Hickory","Missouri",14,0.316,9544,39.5,"C",146.689019279128
"1525",29087,"Holt","Missouri",11,0.26,4403,43.7,"A",249.829661594367
"1526",29089,"Howard","Missouri",16,0.531,10001,44.8,"A",159.98400159984
"1527",29091,"Howell","Missouri",55,0.242,40117,34.6,"C",137.098985467508
"1528",29093,"Iron","Missouri",19,0.423,10125,40.1,"C",187.654320987654
"1529",29095,"Jackson","Missouri",955,0.609,703011,61,"C",135.844247102819
"1530",29097,"Jasper","Missouri",208,0.388,121328,49.2,"D",171.43610708163
"1531",29099,"Jefferson","Missouri",261,0.447,225081,46.7,"A",115.95825502819
"1532",29101,"Johnson","Missouri",36,0.511,54062,46.8,"B",66.5902112389479
"1533",29103,"Knox","Missouri",11,0.353,3959,41.2,"B",277.847941399343
"1534",29105,"Laclede","Missouri",37,0.287,35723,39.1,"C",103.574727766425
"1535",29107,"Lafayette","Missouri",52,0.571,32708,47.5,"A",158.982511923688
"1536",29109,"Lawrence","Missouri",44,0.237,38355,39.4,"D",114.717768217964
"1537",29111,"Lewis","Missouri",13,0.32,9776,35.7,"B",132.978723404255
"1538",29113,"Lincoln","Missouri",55,0.299,59013,40.7,"A",93.1998034331419
"1539",29115,"Linn","Missouri",12,0.326,11920,48.9,"A",100.671140939597
"1540",29117,"Livingston","Missouri",25,0.26,15227,44.3,"B",164.182045051553
"1541",29119,"McDonald","Missouri",17,0.476,22837,35.2,"D",74.4406007794369
"1542",29121,"Macon","Missouri",28,0.338,15117,42.4,"C",185.221935569227
"1543",29123,"Madison","Missouri",19,0.406,12088,41.5,"C",157.180675049636
"1544",29125,"Maries","Missouri",19,0.424,8697,45.7,"C",218.466137748649
"1545",29127,"Marion","Missouri",28,0.332,28530,43.4,"B",98.1423063441991
"1546",29129,"Mercer","Missouri",6,0.261,3617,37.8,"B",165.883328725463
"1547",29131,"Miller","Missouri",25,0.39,25619,34.5,"B",97.58382450525
"1548",29133,"Mississippi","Missouri",14,0.413,13180,44.3,"D",106.221547799697
"1549",29135,"Moniteau","Missouri",14,0.318,16132,37.2,"C",86.7840317381602
"1550",29137,"Monroe","Missouri",16,0.346,8644,46.2,"B",185.0994909764
"1551",29139,"Montgomery","Missouri",29,0.392,11551,50.3,"B",251.060514241191
"1552",29141,"Morgan","Missouri",46,0.304,20627,38.3,"D",223.008677946381
"1553",29143,"New Madrid","Missouri",19,0.461,17076,34.9,"D",111.267275708597
"1554",29145,"Newton","Missouri",68,0.373,58236,27.1,"C",116.766261419054
"1555",29147,"Nodaway","Missouri",11,0.272,22092,50.5,"A",49.7917798298026
"1556",29149,"Oregon","Missouri",14,0.241,10529,32.8,"C",132.96609364612
"1557",29151,"Osage","Missouri",15,0.469,13615,40.8,"A",110.172603745869
"1558",29153,"Ozark","Missouri",18,0.435,9174,33.3,"B",196.206671026815
"1559",29155,"Pemiscot","Missouri",28,0.407,15805,33,"D",177.159126858589
"1560",29157,"Perry","Missouri",10,0.408,19136,40.7,"A",52.257525083612
"1561",29159,"Pettis","Missouri",50,0.294,42339,44.7,"C",118.094428304873
"1562",29161,"Phelps","Missouri",58,0.32,44573,45.7,"C",130.123617436565
"1563",29163,"Pike","Missouri",12,0.164,18302,38.6,"C",65.5666047426511
"1564",29165,"Platte","Missouri",142,0.638,104418,60.3,"A",135.991878794844
"1565",29167,"Polk","Missouri",37,0.416,32149,40.3,"C",115.089116302218
"1566",29169,"Pulaski","Missouri",28,0.354,52607,61.8,"C",53.2248560077556
"1567",29171,"Putnam","Missouri",7,0.382,4696,35.7,"B",149.063032367973
"1568",29173,"Ralls","Missouri",16,0.29,10309,29.6,"A",155.204190513144
"1569",29175,"Randolph","Missouri",25,0.41,24748,39.7,"B",101.01826410215
"1570",29177,"Ray","Missouri",36,0.386,23018,41.3,"A",156.399339647233
"1571",29179,"Reynolds","Missouri",11,0.366,6270,28.3,"C",175.438596491228
"1572",29181,"Ripley","Missouri",16,0.308,13288,30.6,"C",120.409391932571
"1573",29183,"St. Charles","Missouri",281,0.532,402022,64.2,"A",69.8966723214153
"1574",29185,"St. Clair","Missouri",14,0.23,9397,35.6,"B",148.983718207939
"1575",29186,"Ste. Genevieve","Missouri",11,0.38,17894,46.3,"A",61.4731194813904
"1576",29187,"St. Francois","Missouri",93,0.428,67215,45.1,"C",138.361972773934
"1577",29189,"St. Louis","Missouri",904,0.697,994205,68.3,"B",90.9269215101513
"1578",29195,"Saline","Missouri",30,0.389,22761,48,"C",131.804402267036
"1579",29197,"Schuyler","Missouri",8,0.416,4660,27.8,"A",171.673819742489
"1580",29199,"Scotland","Missouri",2,0.361,4902,27.3,"B",40.7996736026112
"1581",29201,"Scott","Missouri",34,0.385,38280,44.8,"C",88.8192267502612
"1582",29203,"Shannon","Missouri",13,0.243,8166,31.7,"C",159.196669115846
"1583",29205,"Shelby","Missouri",2,0.317,5930,48.3,"B",33.7268128161889
"1584",29207,"Stoddard","Missouri",38,0.411,29025,41.1,"C",130.921619293712
"1585",29209,"Stone","Missouri",36,0.434,31952,39,"B",112.669003505258
"1586",29211,"Sullivan","Missouri",9,0.341,6089,44.6,"B",147.807521760552
"1587",29213,"Taney","Missouri",70,0.499,55928,42,"C",125.16092118438
"1588",29215,"Texas","Missouri",39,0.183,25398,33.7,"D",153.55539806284
"1589",29217,"Vernon","Missouri",24,0.496,20563,36.6,"C",116.714487185722
"1590",29219,"Warren","Missouri",36,0.446,35649,43.2,"A",100.984599848523
"1591",29221,"Washington","Missouri",50,0.418,24730,33.1,"D",202.183582693085
"1592",29223,"Wayne","Missouri",20,0.313,12873,37.5,"C",155.363940029519
"1593",29225,"Webster","Missouri",43,0.313,39592,43.6,"C",108.607799555466
"1594",29227,"Worth","Missouri",2,0.241,2013,42.6,"A",99.3541977148535
"1595",29229,"Wright","Missouri",26,0.155,18289,36.7,"D",142.161955273662
"1596",29510,"St. Louis city","Missouri",197,0.726,300576,63.6,"D",65.540828276376
"1597",30001,"Beaverhead","Montana",9,0.425,9453,55.5,"B",95.2078705172961
"1598",30003,"Big Horn","Montana",19,0.271,13319,93.9,"C",142.65335235378
"1599",30005,"Blaine","Montana",6,0.192,6681,89.4,"D",89.8069151324652
"1600",30007,"Broadwater","Montana",7,0.439,6237,35.1,"A",112.233445566779
"1601",30009,"Carbon","Montana",6,0.267,10725,48.9,"A",55.9440559440559
"1602",30011,"Carter","Montana",0,0.417,1252,32.5,"B",0
"1603",30013,"Cascade","Montana",89,0.382,81366,56.8,"C",109.382297274046
"1604",30015,"Chouteau","Montana",7,0.346,5635,34.5,"B",124.223602484472
"1605",30017,"Custer","Montana",11,0.23,11402,45.6,"B",96.4743027539028
"1606",30019,"Daniels","Montana",0,0.129,1690,42.6,"A",0
"1607",30021,"Dawson","Montana",7,0.161,8613,38.8,"A",81.2724950655985
"1608",30023,"Deer Lodge","Montana",2,0.489,9140,59.9,"C",21.8818380743982
"1609",30025,"Fallon","Montana",2,0.24,2846,35.2,"A",70.2740688685875
"1610",30027,"Fergus","Montana",9,0.261,11050,48.7,"B",81.447963800905
"1611",30029,"Flathead","Montana",75,0.374,103806,44.8,"A",72.2501589503497
"1612",30031,"Gallatin","Montana",29,0.448,114434,61.9,"A",25.3421186011151
"1613",30033,"Garfield","Montana",0,0.221,1258,20,"A",0
"1614",30035,"Glacier","Montana",14,0.396,13753,90,"D",101.795971787974
"1615",30037,"Golden Valley","Montana",0,0.271,821,47.9,"A",0
"1616",30039,"Granite","Montana",4,0.422,3379,38.7,"A",118.378218407813
"1617",30041,"Hill","Montana",2,0.273,16484,75.1,"C",12.132977432662
"1618",30043,"Jefferson","Montana",8,0.487,12221,52.8,"A",65.4610915637018
"1619",30045,"Judith Basin","Montana",0,0.349,2007,41.2,"A",0
"1620",30047,"Lake","Montana",21,0.349,30458,59.3,"C",68.9474029811544
"1621",30049,"Lewis and Clark","Montana",47,0.479,69432,62.8,"A",67.692130429773
"1622",30051,"Liberty","Montana",2,0.352,2337,34.9,"B",85.5798031664527
"1623",30053,"Lincoln","Montana",22,0.402,19980,36.8,"B",110.11011011011
"1624",30055,"McCone","Montana",1,0.139,1664,18.5,"A",60.0961538461538
"1625",30057,"Madison","Montana",4,0.4,8600,46.5,"A",46.5116279069767
"1626",30059,"Meagher","Montana",3,0.396,1862,52,"A",161.117078410312
"1627",30061,"Mineral","Montana",3,0.323,4397,56.6,"B",68.2283375028428
"1628",30063,"Missoula","Montana",31,0.372,119600,67.2,"A",25.9197324414716
"1629",30065,"Musselshell","Montana",5,0.268,4633,35.8,"B",107.921433196633
"1630",30067,"Park","Montana",8,0.467,16606,61.6,"A",48.1753583042274
"1631",30069,"Petroleum","Montana",0,0.269,487,31.8,"A",0
"1632",30071,"Phillips","Montana",2,0.147,3954,46,"B",50.5816894284269
"1633",30073,"Pondera","Montana",5,0.39,5911,56.8,"C",84.5880561664693
"1634",30075,"Powder River","Montana",0,0.273,1682,23.7,"A",0
"1635",30077,"Powell","Montana",6,0.53,6890,46.8,"B",87.0827285921626
"1636",30079,"Prairie","Montana",2,0.176,1077,38.8,"A",185.701021355617
"1637",30081,"Ravalli","Montana",50,0.393,43806,50.8,"B",114.139615577775
"1638",30083,"Richland","Montana",8,0.191,10803,41.1,"A",74.0535036563917
"1639",30085,"Roosevelt","Montana",6,0.146,11004,87.9,"D",54.525627044711
"1640",30087,"Rosebud","Montana",5,0.269,8937,87.9,"C",55.9471858565514
"1641",30089,"Sanders","Montana",17,0.283,12113,40.1,"B",140.345083794271
"1642",30091,"Sheridan","Montana",3,0.185,3309,49.5,"A",90.6618313689937
"1643",30093,"Silver Bow","Montana",21,0.503,34915,63.4,"B",60.1460690247745
"1644",30095,"Stillwater","Montana",3,0.286,9642,43.5,"A",31.1138767890479
"1645",30097,"Sweet Grass","Montana",5,0.374,3737,42,"A",133.797163500134
"1646",30099,"Teton","Montana",9,0.391,6147,43.4,"B",146.412884333821
"1647",30101,"Toole","Montana",4,0.384,4736,47.5,"C",84.4594594594595
"1648",30103,"Treasure","Montana",0,0.27,696,49.6,"A",0
"1649",30105,"Valley","Montana",9,0.115,7396,48.8,"B",121.687398593835
"1650",30107,"Wheatland","Montana",1,0.318,2126,37,"B",47.0366886171214
"1651",30109,"Wibaux","Montana",0,0.187,969,29.1,"A",0
"1652",30111,"Yellowstone","Montana",124,0.265,161300,53.6,"B",76.8753874767514
"1653",31001,"Adams","Nebraska",34,0.435,NA,NA,NA,NA
"1654",31003,"Antelope","Nebraska",13,0.354,NA,NA,NA,NA
"1655",31005,"Arthur","Nebraska",0,0.356,NA,NA,NA,NA
"1656",31007,"Banner","Nebraska",0,0.272,NA,NA,NA,NA
"1657",31009,"Blaine","Nebraska",3,0.293,NA,NA,NA,NA
"1658",31011,"Boone","Nebraska",11,0.415,NA,NA,NA,NA
"1659",31013,"Box Butte","Nebraska",10,0.203,NA,NA,NA,NA
"1660",31015,"Boyd","Nebraska",8,0.309,1919,36.7,"A",416.883793642522
"1661",31017,"Brown","Nebraska",6,0.335,2955,38.1,"A",203.045685279188
"1662",31019,"Buffalo","Nebraska",60,0.391,NA,NA,NA,NA
"1663",31021,"Burt","Nebraska",14,0.46,NA,NA,NA,NA
"1664",31023,"Butler","Nebraska",6,0.365,8016,52.8,"A",74.8502994011976
"1665",31025,"Cass","Nebraska",33,0.55,26248,64.6,"A",125.723864675404
"1666",31027,"Cedar","Nebraska",24,0.293,NA,NA,NA,NA
"1667",31029,"Chase","Nebraska",5,0.364,NA,NA,NA,NA
"1668",31031,"Cherry","Nebraska",15,0.328,5689,36.4,"A",263.666725259272
"1669",31033,"Cheyenne","Nebraska",14,0.223,8910,44.3,"A",157.12682379349
"1670",31035,"Clay","Nebraska",15,0.4,NA,NA,NA,NA
"1671",31037,"Colfax","Nebraska",8,0.341,10709,49.3,"B",74.703520403399
"1672",31039,"Cuming","Nebraska",8,0.317,NA,NA,NA,NA
"1673",31041,"Custer","Nebraska",15,0.314,NA,NA,NA,NA
"1674",31043,"Dakota","Nebraska",6,0.425,20026,68.7,"D",29.9610506341756
"1675",31045,"Dawes","Nebraska",4,0.242,NA,NA,NA,NA
"1676",31047,"Dawson","Nebraska",50,0.328,23595,51.6,"C",211.909302818394
"1677",31049,"Deuel","Nebraska",2,0.355,NA,NA,NA,NA
"1678",31051,"Dixon","Nebraska",8,0.383,NA,NA,NA,NA
"1679",31053,"Dodge","Nebraska",64,0.314,NA,NA,NA,NA
"1680",31055,"Douglas","Nebraska",331,0.482,571327,70.4,"C",57.9352979992194
"1681",31057,"Dundy","Nebraska",1,0.311,1693,39.9,"A",59.0667454223272
"1682",31059,"Fillmore","Nebraska",7,0.213,NA,NA,NA,NA
"1683",31061,"Franklin","Nebraska",6,0.378,NA,NA,NA,NA
"1684",31063,"Frontier","Nebraska",2,0.313,NA,NA,NA,NA
"1685",31065,"Furnas","Nebraska",12,0.315,NA,NA,NA,NA
"1686",31067,"Gage","Nebraska",47,0.48,NA,NA,NA,NA
"1687",31069,"Garden","Nebraska",4,0.288,NA,NA,NA,NA
"1688",31071,"Garfield","Nebraska",8,0.37,NA,NA,NA,NA
"1689",31073,"Gosper","Nebraska",2,0.333,NA,NA,NA,NA
"1690",31075,"Grant","Nebraska",1,0.313,NA,NA,NA,NA
"1691",31077,"Greeley","Nebraska",4,0.421,NA,NA,NA,NA
"1692",31079,"Hall","Nebraska",74,0.451,61353,54.3,"C",120.613498932408
"1693",31081,"Hamilton","Nebraska",14,0.427,NA,NA,NA,NA
"1694",31083,"Harlan","Nebraska",9,0.348,3380,41.2,"A",266.272189349112
"1695",31085,"Hayes","Nebraska",0,0.343,922,26.4,"A",0
"1696",31087,"Hitchcock","Nebraska",6,0.301,NA,NA,NA,NA
"1697",31089,"Holt","Nebraska",16,0.365,NA,NA,NA,NA
"1698",31091,"Hooker","Nebraska",2,0.337,682,43.3,"A",293.255131964809
"1699",31093,"Howard","Nebraska",10,0.433,NA,NA,NA,NA
"1700",31095,"Jefferson","Nebraska",17,0.384,7046,57,"A",241.271643485666
"1701",31097,"Johnson","Nebraska",5,0.31,NA,NA,NA,NA
"1702",31099,"Kearney","Nebraska",6,0.399,6495,48.5,"A",92.378752886836
"1703",31101,"Keith","Nebraska",18,0.393,NA,NA,NA,NA
"1704",31103,"Keya Paha","Nebraska",0,0.331,806,30.6,"A",0
"1705",31105,"Kimball","Nebraska",9,0.25,NA,NA,NA,NA
"1706",31107,"Knox","Nebraska",11,0.299,8332,52.4,"A",132.021123379741
"1707",31109,"Lancaster","Nebraska",116,0.47,319090,69.2,"B",36.3533799241593
"1708",31111,"Lincoln","Nebraska",61,0.341,NA,NA,NA,NA
"1709",31113,"Logan","Nebraska",0,0.304,NA,NA,NA,NA
"1710",31115,"Loup","Nebraska",0,0.318,664,30.1,"A",0
"1711",31117,"McPherson","Nebraska",0,0.361,NA,NA,NA,NA
"1712",31119,"Madison","Nebraska",26,0.317,NA,NA,NA,NA
"1713",31121,"Merrick","Nebraska",13,0.454,7755,45.2,"B",167.633784655061
"1714",31123,"Morrill","Nebraska",20,0.223,4642,36.7,"B",430.848772081
"1715",31125,"Nance","Nebraska",7,0.459,NA,NA,NA,NA
"1716",31127,"Nemaha","Nebraska",14,0.333,6972,51.9,"B",200.803212851406
"1717",31129,"Nuckolls","Nebraska",6,0.318,4148,51.3,"A",144.648023143684
"1718",31131,"Otoe","Nebraska",11,0.428,16012,58.2,"B",68.6984761428928
"1719",31133,"Pawnee","Nebraska",7,0.316,2613,44.6,"C",267.891312667432
"1720",31135,"Perkins","Nebraska",1,0.393,2891,42,"A",34.5901072293324
"1721",31137,"Phelps","Nebraska",15,0.363,NA,NA,NA,NA
"1722",31139,"Pierce","Nebraska",6,0.311,7148,38.2,"A",83.9395635142697
"1723",31141,"Platte","Nebraska",31,0.432,NA,NA,NA,NA
"1724",31143,"Polk","Nebraska",8,0.353,NA,NA,NA,NA
"1725",31145,"Red Willow","Nebraska",6,0.298,NA,NA,NA,NA
"1726",31147,"Richardson","Nebraska",8,0.298,7865,54.2,"A",101.716465352829
"1727",31149,"Rock","Nebraska",1,0.349,NA,NA,NA,NA
"1728",31151,"Saline","Nebraska",12,0.507,NA,NA,NA,NA
"1729",31153,"Sarpy","Nebraska",138,0.433,187196,69.6,"A",73.7195239214513
"1730",31155,"Saunders","Nebraska",32,0.3,21578,55,"A",148.299193623135
"1731",31157,"Scotts Bluff","Nebraska",60,0.255,NA,NA,NA,NA
"1732",31159,"Seward","Nebraska",11,0.601,17284,51.5,"A",63.642675306642
"1733",31161,"Sheridan","Nebraska",17,0.242,NA,NA,NA,NA
"1734",31163,"Sherman","Nebraska",6,0.39,NA,NA,NA,NA
"1735",31165,"Sioux","Nebraska",0,0.205,NA,NA,NA,NA
"1736",31167,"Stanton","Nebraska",3,0.309,NA,NA,NA,NA
"1737",31169,"Thayer","Nebraska",9,0.249,NA,NA,NA,NA
"1738",31171,"Thomas","Nebraska",0,0.308,NA,NA,NA,NA
"1739",31173,"Thurston","Nebraska",16,0.418,7224,83.9,"D",221.483942414175
"1740",31175,"Valley","Nebraska",7,0.38,NA,NA,NA,NA
"1741",31177,"Washington","Nebraska",23,0.386,20729,58.2,"A",110.955665975204
"1742",31179,"Wayne","Nebraska",8,0.34,NA,NA,NA,NA
"1743",31181,"Webster","Nebraska",6,0.389,NA,NA,NA,NA
"1744",31183,"Wheeler","Nebraska",2,0.399,NA,NA,NA,NA
"1745",31185,"York","Nebraska",13,0.182,13679,53.7,"A",95.0361868557643
"1746",32001,"Churchill","Nevada",30,0.674,24909,56.3,"C",120.438395760568
"1747",32003,"Clark","Nevada",2727,0.742,2266715,60.6,"D",120.306258175377
"1748",32005,"Douglas","Nevada",47,0.588,48905,53.4,"A",96.1046927717002
"1749",32007,"Elko","Nevada",39,0.379,52778,44.7,"C",73.8944257076812
"1750",32009,"Esmeralda","Nevada",3,0.872,873,42.7,"D",343.642611683849
"1751",32011,"Eureka","Nevada",1,0.387,2029,28,"A",49.2853622474125
"1752",32013,"Humboldt","Nevada",23,0.725,16831,44.1,"C",136.652605311627
"1753",32015,"Lander","Nevada",6,0.588,5532,41.5,"C",108.459869848156
"1754",32017,"Lincoln","Nevada",5,0.61,5183,39.3,"C",96.4692263168049
"1755",32019,"Lyon","Nevada",89,0.671,57510,43.9,"C",154.755694661798
"1756",32021,"Mineral","Nevada",9,0.755,4505,62.4,"C",199.778024417314
"1757",32023,"Nye","Nevada",139,0.666,46523,48.8,"D",298.776949035961
"1758",32027,"Pershing","Nevada",3,0.691,6725,37.7,"C",44.6096654275093
"1759",32029,"Storey","Nevada",6,0.782,4123,25.2,"A",145.525103080281
"1760",32031,"Washoe","Nevada",271,0.676,471519,67.4,"C",57.4738239604343
"1761",32033,"White Pine","Nevada",14,0.296,9580,55.1,"B",146.137787056367
"1762",32510,"Carson City","Nevada",49,0.585,55916,66.7,"D",87.6314471707561
"1763",33001,"Belknap","New Hampshire",58,0.598,61303,62.8,"A",94.6120092002023
"1764",33003,"Carroll","New Hampshire",44,0.598,48910,73.2,"A",89.9611531384175
"1765",33005,"Cheshire","New Hampshire",59,0.609,76085,62.5,"A",77.5448511533154
"1766",33007,"Coos","New Hampshire",48,0.697,31563,64.9,"C",152.076798783386
"1767",33009,"Grafton","New Hampshire",43,0.705,89886,78.7,"B",47.8383730503082
"1768",33011,"Hillsborough","New Hampshire",238,0.67,417025,64.8,"B",57.0709190096517
"1769",33013,"Merrimack","New Hampshire",110,0.615,151391,71.2,"A",72.659537224802
"1770",33015,"Rockingham","New Hampshire",212,0.639,309769,69,"A",68.4380941927695
"1771",33017,"Strafford","New Hampshire",74,0.558,130633,64.7,"B",56.6472483981842
"1772",33019,"Sullivan","New Hampshire",28,0.574,43146,65.2,"A",64.8959347332314
"1773",34001,"Atlantic","New Jersey",245,0.734,263670,70.5,"D",92.9191792771267
"1774",34003,"Bergen","New Jersey",601,0.762,932202,81.6,"B",64.4710052113169
"1775",34005,"Burlington","New Jersey",330,0.779,445349,78.7,"B",74.0991896243171
"1776",34007,"Camden","New Jersey",420,0.802,506471,73.1,"D",82.9267618481611
"1777",34009,"Cape May","New Jersey",80,0.74,92039,78.8,"B",86.9196753550126
"1778",34011,"Cumberland","New Jersey",137,0.762,149527,55.4,"D",91.622248824627
"1779",34013,"Essex","New Jersey",519,0.682,798975,76.7,"D",64.9582277292781
"1780",34015,"Gloucester","New Jersey",249,0.746,291636,65,"A",85.3804057112291
"1781",34017,"Hudson","New Jersey",377,0.67,672391,82.3,"D",56.0685672473308
"1782",34019,"Hunterdon","New Jersey",100,0.804,124371,74.9,"A",80.4045959267032
"1783",34021,"Mercer","New Jersey",255,0.757,367430,75.6,"C",69.4009743352475
"1784",34023,"Middlesex","New Jersey",431,0.765,825062,77,"C",52.2384984401172
"1785",34025,"Monmouth","New Jersey",526,0.764,618795,71.1,"A",85.0039189069078
"1786",34027,"Morris","New Jersey",312,0.72,491845,81.2,"A",63.4346186298529
"1787",34029,"Ocean","New Jersey",759,0.772,607186,56.8,"B",125.002882148139
"1788",34031,"Passaic","New Jersey",367,0.756,501826,73,"D",73.1329185813409
"1789",34033,"Salem","New Jersey",45,0.726,62385,58.3,"C",72.1327242125511
"1790",34035,"Somerset","New Jersey",111,0.791,328934,80,"A",33.7453714118942
"1791",34037,"Sussex","New Jersey",144,0.72,140488,65.2,"A",102.499857639087
"1792",34039,"Union","New Jersey",393,0.716,556341,75,"D",70.6401289856401
"1793",34041,"Warren","New Jersey",79,0.749,105267,71.4,"A",75.0472607749817
"1794",35001,"Bernalillo","New Mexico",835,0.758,679121,74.2,"D",122.953052548809
"1795",35003,"Catron","New Mexico",11,0.762,3527,48.4,"B",311.879784519422
"1796",35005,"Chaves","New Mexico",124,0.634,64615,47.1,"D",191.905904201811
"1797",35006,"Cibola","New Mexico",51,0.839,26675,76.5,"D",191.190253045923
"1798",35007,"Colfax","New Mexico",13,0.743,11941,65.1,"D",108.868603969517
"1799",35009,"Curry","New Mexico",98,0.54,48954,55.9,"D",200.187931527557
"1800",35011,"De Baca","New Mexico",3,0.712,1748,51.9,"C",171.62471395881
"1801",35013,"Doña Ana","New Mexico",319,0.812,218195,80,"D",146.199500446848
"1802",35015,"Eddy","New Mexico",96,0.399,58460,48.9,"C",164.214847759152
"1803",35017,"Grant","New Mexico",46,0.572,26998,73.3,"D",170.382991332691
"1804",35019,"Guadalupe","New Mexico",3,0.766,4300,71.5,"C",69.7674418604651
"1805",35021,"Harding","New Mexico",0,0.614,625,62.7,"C",0
"1806",35023,"Hidalgo","New Mexico",4,0.569,4198,61.7,"D",95.2834683182468
"1807",35025,"Lea","New Mexico",119,0.418,71070,45.8,"D",167.440551568876
"1808",35027,"Lincoln","New Mexico",29,0.731,19572,61.7,"C",148.170856325363
"1809",35028,"Los Alamos","New Mexico",12,0.709,19369,89.2,"A",61.9546698332387
"1810",35029,"Luna","New Mexico",42,0.715,23709,78.8,"D",177.147918511957
"1811",35031,"McKinley","New Mexico",104,0.721,71367,95,"D",145.725615480544
"1812",35033,"Mora","New Mexico",8,0.806,4521,67.8,"C",176.95200176952
"1813",35035,"Otero","New Mexico",77,0.595,67490,64.4,"D",114.090976440954
"1814",35037,"Quay","New Mexico",39,0.571,8253,52.6,"C",472.555434387495
"1815",35039,"Rio Arriba","New Mexico",65,0.675,38921,83.4,"D",167.004958762622
"1816",35041,"Roosevelt","New Mexico",28,0.602,18500,40.1,"D",151.351351351351
"1817",35043,"Sandoval","New Mexico",185,0.762,146748,76.4,"B",126.066454057296
"1818",35045,"San Juan","New Mexico",193,0.555,123958,79.7,"D",155.697897675019
"1819",35047,"San Miguel","New Mexico",44,0.8,27277,70.4,"D",161.308061736995
"1820",35049,"Santa Fe","New Mexico",174,0.803,150358,87.2,"D",115.723805850038
"1821",35051,"Sierra","New Mexico",21,0.659,10791,69.7,"D",194.606616624965
"1822",35053,"Socorro","New Mexico",30,0.746,16637,71.8,"D",180.320971328966
"1823",35055,"Taos","New Mexico",31,0.785,32723,87.3,"D",94.7345903492956
"1824",35057,"Torrance","New Mexico",34,0.696,15461,50.4,"C",219.908156005433
"1825",35059,"Union","New Mexico",8,0.393,4059,46.4,"D",197.092880019709
"1826",35061,"Valencia","New Mexico",125,0.648,76688,62.5,"D",162.998122261632
"1827",36001,"Albany","New York",154,0.788,305506,77.8,"B",50.4081752895197
"1828",36003,"Allegany","New York",39,0.771,46091,46,"B",84.6152177214641
"1829",36007,"Broome","New York",152,0.812,190488,65.8,"C",79.7950527067322
"1830",36009,"Cattaraugus","New York",78,0.793,76117,58.2,"C",102.473823193242
"1831",36011,"Cayuga","New York",67,0.732,76576,61,"B",87.4947764312578
"1832",36013,"Chautauqua","New York",209,0.703,126903,61.8,"C",164.692718060251
"1833",36015,"Chemung","New York",87,0.594,83456,64.2,"C",104.246549079755
"1834",36017,"Chenango","New York",42,0.735,47207,62.9,"C",88.9698561653992
"1835",36019,"Clinton","New York",64,0.773,80485,74.9,"B",79.5179225942722
"1836",36021,"Columbia","New York",42,0.848,59461,77.6,"B",70.6345335598123
"1837",36023,"Cortland","New York",41,0.803,47581,61.3,"B",86.1688489102793
"1838",36025,"Delaware","New York",62,0.744,44135,59.1,"B",140.478078622409
"1839",36027,"Dutchess","New York",229,0.854,294218,73.3,"B",77.8334432291702
"1840",36029,"Erie","New York",779,0.766,918702,72.4,"B",84.7935456764
"1841",36031,"Essex","New York",25,0.736,36885,74.2,"B",67.778229632642
"1842",36033,"Franklin","New York",43,0.733,50022,72.4,"C",85.9621766422774
"1843",36035,"Fulton","New York",89,0.729,53383,56,"B",166.719742240039
"1844",36037,"Genesee","New York",59,0.781,57280,61.5,"A",103.002793296089
"1845",36039,"Greene","New York",49,0.788,47188,64.8,"B",103.839959311689
"1846",36041,"Hamilton","New York",1,0.653,4416,85.1,"A",22.6449275362319
"1847",36043,"Herkimer","New York",59,0.758,61319,61,"B",96.2181379344086
"1848",36045,"Jefferson","New York",37,0.78,109834,77,"C",33.6872006846696
"1849",36049,"Lewis","New York",22,0.765,26296,53.3,"A",83.6629145117128
"1850",36051,"Livingston","New York",48,0.835,62914,61.2,"A",76.2946244079219
"1851",36053,"Madison","New York",59,0.832,70941,62.8,"A",83.1677027388957
"1852",36055,"Monroe","New York",563,0.785,741770,75.3,"C",75.8995375925152
"1853",36057,"Montgomery","New York",51,0.749,49221,69,"D",103.614310964832
"1854",36059,"Nassau","New York",1279,0.779,1356924,86.8,"B",94.2573054938965
"1855",36063,"Niagara","New York",306,0.73,209281,68.4,"B",146.214897673463
"1856",36065,"Oneida","New York",155,0.774,228671,64.9,"C",67.7829720428038
"1857",36067,"Onondaga","New York",304,0.756,460528,76.2,"C",66.011187159087
"1858",36069,"Ontario","New York",88,0.849,109777,70.7,"B",80.1625112728532
"1859",36071,"Orange","New York",370,0.746,384940,67.9,"C",96.1188756689354
"1860",36073,"Orleans","New York",23,0.693,40352,56.7,"C",56.9984139571768
"1861",36075,"Oswego","New York",99,0.766,117124,61.2,"C",84.5258017144223
"1862",36077,"Otsego","New York",64,0.779,59493,63.8,"B",107.575681172575
"1863",36079,"Putnam","New York",100,0.852,98320,77.4,"A",101.708706265256
"1864",36083,"Rensselaer","New York",100,0.751,158714,73.1,"B",63.0064140529506
"1865",36087,"Rockland","New York",455,0.722,325789,67.5,"C",139.660946195237
"1866",36089,"St. Lawrence","New York",94,0.701,107740,62.5,"C",87.2470762947837
"1867",36091,"Saratoga","New York",166,0.751,229863,82.1,"A",72.2169292143581
"1868",36093,"Schenectady","New York",94,0.841,155299,75.7,"B",60.5284000540892
"1869",36095,"Schoharie","New York",30,0.825,30999,58.5,"B",96.7773153972709
"1870",36097,"Schuyler","New York",13,0.67,17807,64.9,"B",73.0049980344808
"1871",36099,"Seneca","New York",17,0.864,34016,55.2,"B",49.9764816556914
"1872",36101,"Steuben","New York",100,0.674,95379,63.4,"B",104.844881997085
"1873",36103,"Suffolk","New York",1637,0.782,1476601,78.8,"B",110.862717822892
"1874",36105,"Sullivan","New York",95,0.817,75432,63.3,"D",125.94124509492
"1875",36107,"Tioga","New York",71,0.839,48203,63.5,"A",147.293736904342
"1876",36109,"Tompkins","New York",32,0.833,102180,83.9,"B",31.3172832256802
"1877",36111,"Ulster","New York",137,0.818,177573,75.8,"C",77.1513687328592
"1878",36113,"Warren","New York",43,0.723,63944,80.1,"A",67.2463405479795
"1879",36115,"Washington","New York",58,0.673,61204,69.3,"B",94.7650480360761
"1880",36117,"Wayne","New York",100,0.789,89918,64.6,"B",111.212437999066
"1881",36119,"Westchester","New York",894,0.798,967506,87.4,"C",92.4025277362621
"1882",36121,"Wyoming","New York",30,0.861,39859,53.1,"A",75.2653102185203
"1883",36123,"Yates","New York",13,0.884,24913,55,"C",52.181591939951
"1884",37001,"Alamance","North Carolina",172,0.586,169509,65.5,"D",101.469538490582
"1885",37003,"Alexander","North Carolina",53,0.575,37497,49.2,"C",141.344640904606
"1886",37005,"Alleghany","North Carolina",20,0.504,11137,65.5,"C",179.581574930412
"1887",37007,"Anson","North Carolina",41,0.641,24446,48.7,"D",167.716599852737
"1888",37009,"Ashe","North Carolina",66,0.455,27203,59.7,"B",242.620299231702
"1889",37011,"Avery","North Carolina",22,0.509,17557,59,"C",125.306145696873
"1890",37013,"Beaufort","North Carolina",44,0.623,46994,59,"D",93.6289739115632
"1891",37015,"Bertie","North Carolina",31,0.582,18947,54.8,"D",163.614292500132
"1892",37017,"Bladen","North Carolina",53,0.724,32722,65.8,"D",161.970539698062
"1893",37019,"Brunswick","North Carolina",136,0.673,142820,71.8,"B",95.2247584371937
"1894",37021,"Buncombe","North Carolina",218,0.693,261191,75.7,"C",83.4638253232309
"1895",37023,"Burke","North Carolina",104,0.54,90485,51.5,"C",114.93617726695
"1896",37025,"Cabarrus","North Carolina",173,0.576,216453,62.8,"B",79.924972164858
"1897",37027,"Caldwell","North Carolina",141,0.67,82178,50.6,"C",171.578768040108
"1898",37029,"Camden","North Carolina",13,0.575,10867,66.3,"B",119.628232262814
"1899",37031,"Carteret","North Carolina",76,0.56,69473,71.5,"B",109.395016769105
"1900",37033,"Caswell","North Carolina",38,0.527,22604,52.5,"D",168.111838612635
"1901",37035,"Catawba","North Carolina",196,0.551,159551,61.4,"C",122.844733032071
"1902",37037,"Chatham","North Carolina",30,0.766,74470,72,"B",40.2846783939842
"1903",37039,"Cherokee","North Carolina",61,0.557,28612,61.1,"B",213.197259890955
"1904",37041,"Chowan","North Carolina",21,0.497,13943,61.4,"D",150.613210930216
"1905",37043,"Clay","North Carolina",26,0.546,11231,59.1,"B",231.502092422758
"1906",37045,"Cleveland","North Carolina",164,0.573,97947,54.1,"D",167.437491704697
"1907",37047,"Columbus","North Carolina",53,0.511,55508,47.3,"D",95.4817323629026
"1908",37049,"Craven","North Carolina",110,0.47,102139,67.4,"D",107.69637454841
"1909",37051,"Cumberland","North Carolina",249,0.649,335509,65,"D",74.2155948126578
"1910",37053,"Currituck","North Carolina",24,0.524,27763,64.7,"A",86.4459892662897
"1911",37055,"Dare","North Carolina",27,0.671,37009,83.7,"B",72.9552271069199
"1912",37057,"Davidson","North Carolina",257,0.554,167609,51.7,"C",153.333054907553
"1913",37059,"Davie","North Carolina",64,0.681,42846,63.3,"B",149.372170097559
"1914",37061,"Duplin","North Carolina",58,0.62,58741,47.7,"D",98.7385301578114
"1915",37063,"Durham","North Carolina",111,0.832,321488,81.2,"C",34.5269496839695
"1916",37065,"Edgecombe","North Carolina",58,0.703,51472,51.7,"D",112.682623562325
"1917",37067,"Forsyth","North Carolina",317,0.706,382295,70.5,"D",82.9202579160073
"1918",37069,"Franklin","North Carolina",79,0.745,69685,57.8,"C",113.367295687738
"1919",37071,"Gaston","North Carolina",293,0.632,224529,55.3,"C",130.495392577351
"1920",37073,"Gates","North Carolina",23,0.57,11562,56.3,"C",198.927521190106
"1921",37075,"Graham","North Carolina",3,0.502,8441,53.1,"C",35.5408126999171
"1922",37077,"Granville","North Carolina",28,0.736,60443,68.1,"C",46.3246364343266
"1923",37079,"Greene","North Carolina",22,0.501,21069,66.5,"D",104.418814371826
"1924",37081,"Guilford","North Carolina",438,0.588,537174,70.5,"D",81.5378257324442
"1925",37083,"Halifax","North Carolina",56,0.711,50010,56.9,"D",111.977604479104
"1926",37085,"Harnett","North Carolina",90,0.711,135976,45.3,"D",66.18815085015
"1927",37087,"Haywood","North Carolina",93,0.666,62317,63.7,"B",149.236965835968
"1928",37089,"Henderson","North Carolina",129,0.715,117417,65,"B",109.864840695981
"1929",37091,"Hertford","North Carolina",23,0.696,23677,51.2,"D",97.140685053005
"1930",37093,"Hoke","North Carolina",64,0.616,55234,43.5,"D",115.870659376471
"1931",37095,"Hyde","North Carolina",3,0.498,4937,69.4,"D",60.7656471541422
"1932",37097,"Iredell","North Carolina",212,0.544,181806,58.6,"B",116.607812723452
"1933",37099,"Jackson","North Carolina",29,0.616,43938,60.1,"C",66.0020938595293
"1934",37101,"Johnston","North Carolina",144,0.682,209339,57.2,"C",68.7879468230956
"1935",37103,"Jones","North Carolina",9,0.445,9419,58.8,"D",95.5515447499735
"1936",37105,"Lee","North Carolina",53,0.636,61779,62.8,"D",85.7896696288383
"1937",37107,"Lenoir","North Carolina",63,0.51,55949,59.4,"D",112.602548749754
"1938",37109,"Lincoln","North Carolina",194,0.563,86111,53.4,"B",225.290613278211
"1939",37111,"McDowell","North Carolina",66,0.563,45756,57,"D",144.24337791765
"1940",37113,"Macon","North Carolina",58,0.541,35858,62.5,"C",161.749121534943
"1941",37115,"Madison","North Carolina",21,0.692,21755,60.2,"B",96.5295334405884
"1942",37117,"Martin","North Carolina",22,0.605,22440,55.4,"D",98.0392156862745
"1943",37119,"Mecklenburg","North Carolina",523,0.694,1110356,70.3,"C",47.1020105263537
"1944",37121,"Mitchell","North Carolina",50,0.569,14964,53.6,"B",334.135257952419
"1945",37123,"Montgomery","North Carolina",31,0.655,27173,46.1,"D",114.083833216796
"1946",37125,"Moore","North Carolina",113,0.578,100880,67.1,"B",112.014274385408
"1947",37127,"Nash","North Carolina",110,0.673,94298,62.9,"D",116.651466627076
"1948",37129,"New Hanover","North Carolina",150,0.667,234473,70.7,"B",63.9732506514609
"1949",37131,"Northampton","North Carolina",41,0.712,19483,50.5,"D",210.43987065647
"1950",37133,"Onslow","North Carolina",141,0.509,197938,63.9,"D",71.2344269417696
"1951",37135,"Orange","North Carolina",40,0.801,148476,92.4,"B",26.9403809369865
"1952",37137,"Pamlico","North Carolina",10,0.482,12726,60.9,"C",78.5792865000786
"1953",37139,"Pasquotank","North Carolina",24,0.563,39824,58.4,"D",60.265166733628
"1954",37141,"Pender","North Carolina",48,0.603,63060,56.3,"C",76.1179828734539
"1955",37143,"Perquimans","North Carolina",32,0.498,13463,52.1,"B",237.688479536507
"1956",37145,"Person","North Carolina",30,0.746,39490,61.6,"C",75.9685996454799
"1957",37147,"Pitt","North Carolina",232,0.612,180742,59.6,"D",128.359761427892
"1958",37149,"Polk","North Carolina",37,0.499,20724,46.9,"B",178.536961976452
"1959",37151,"Randolph","North Carolina",209,0.613,143667,47.6,"C",145.475300521345
"1960",37153,"Richmond","North Carolina",54,0.612,44829,50.8,"D",120.457739409757
"1961",37155,"Robeson","North Carolina",141,0.626,130625,44.6,"D",107.942583732057
"1962",37157,"Rockingham","North Carolina",114,0.546,91010,55.4,"D",125.260960334029
"1963",37159,"Rowan","North Carolina",134,0.542,142088,48.6,"D",94.3077529418389
"1964",37161,"Rutherford","North Carolina",79,0.532,67029,44.8,"D",117.859433976339
"1965",37163,"Sampson","North Carolina",77,0.708,63531,54.9,"D",121.200673686862
"1966",37165,"Scotland","North Carolina",50,0.458,34823,51.7,"D",143.583263934756
"1967",37167,"Stanly","North Carolina",74,0.574,62806,47,"C",117.82313791676
"1968",37169,"Stokes","North Carolina",80,0.588,45591,51,"B",175.473229365445
"1969",37171,"Surry","North Carolina",146,0.458,71783,55.5,"D",203.390774974576
"1970",37173,"Swain","North Carolina",31,0.528,14271,63.1,"D",217.223740452666
"1971",37175,"Transylvania","North Carolina",35,0.691,34385,63.4,"C",101.788570597644
"1972",37177,"Tyrrell","North Carolina",5,0.527,4016,50.8,"D",124.501992031873
"1973",37179,"Union","North Carolina",131,0.615,239859,61.3,"A",54.6154198925202
"1974",37181,"Vance","North Carolina",50,0.631,44535,62.7,"D",112.271247333558
"1975",37183,"Wake","North Carolina",369,0.727,1111761,83.1,"B",33.1905868257656
"1976",37185,"Warren","North Carolina",20,0.686,19731,60.3,"D",101.36333688105
"1977",37187,"Washington","North Carolina",17,0.476,11580,53.6,"D",146.804835924007
"1978",37189,"Watauga","North Carolina",46,0.493,56177,59.4,"B",81.8840450718265
"1979",37191,"Wayne","North Carolina",113,0.744,123131,52.6,"D",91.7721775994672
"1980",37193,"Wilkes","North Carolina",98,0.511,68412,50.9,"C",143.249722270947
"1981",37195,"Wilson","North Carolina",107,0.59,81801,57.4,"D",130.805246879623
"1982",37197,"Yadkin","North Carolina",63,0.621,37667,53.9,"C",167.255157034009
"1983",37199,"Yancey","North Carolina",64,0.665,18069,54.5,"C",354.197797332448
"1984",38001,"Adams","North Dakota",2,0.193,2216,50,"B",90.2527075812274
"1985",38003,"Barnes","North Dakota",7,0.425,10415,60.5,"A",67.2107537205953
"1986",38005,"Benson","North Dakota",1,0.204,6832,56.2,"D",14.6370023419204
"1987",38007,"Billings","North Dakota",0,0.218,928,22.4,"A",0
"1988",38009,"Bottineau","North Dakota",4,0.274,6282,53.4,"A",63.6739891754218
"1989",38011,"Bowman","North Dakota",5,0.263,3024,39.8,"A",165.343915343915
"1990",38013,"Burke","North Dakota",0,0.253,2115,41.3,"A",0
"1991",38015,"Burleigh","North Dakota",22,0.207,95626,53.9,"A",23.0062953590028
"1992",38017,"Cass","North Dakota",47,0.423,181923,64.5,"A",25.8351060613556
"1993",38019,"Cavalier","North Dakota",0,0.195,3762,63,"A",0
"1994",38021,"Dickey","North Dakota",8,0.267,4872,55.5,"A",164.203612479475
"1995",38023,"Divide","North Dakota",1,0.227,2264,43,"A",44.1696113074205
"1996",38025,"Dunn","North Dakota",5,0.239,4424,26.8,"B",113.019891500904
"1997",38027,"Eddy","North Dakota",0,0.246,2287,53.8,"B",0
"1998",38029,"Emmons","North Dakota",3,0.222,3241,35.5,"A",92.5640234495526
"1999",38031,"Foster","North Dakota",4,0.304,3210,56.4,"A",124.610591900312
"2000",38033,"Golden Valley","North Dakota",0,0.203,1761,31.2,"A",0
"2001",38035,"Grand Forks","North Dakota",21,0.305,69451,62.6,"B",30.2371456134541
"2002",38037,"Grant","North Dakota",3,0.19,2274,24.8,"A",131.926121372032
"2003",38039,"Griggs","North Dakota",0,0.37,2231,47.9,"A",0
"2004",38041,"Hettinger","North Dakota",3,0.193,2499,40.7,"A",120.048019207683
"2005",38043,"Kidder","North Dakota",2,0.226,2480,34.4,"A",80.6451612903226
"2006",38045,"LaMoure","North Dakota",2,0.315,4046,50.5,"A",49.4315373208107
"2007",38047,"Logan","North Dakota",1,0.272,1850,39.4,"A",54.0540540540541
"2008",38049,"McHenry","North Dakota",3,0.275,5745,43.5,"A",52.2193211488251
"2009",38051,"McIntosh","North Dakota",1,0.291,2497,45.3,"A",40.048057669203
"2010",38053,"McKenzie","North Dakota",11,0.232,15024,23.9,"B",73.2161874334398
"2011",38055,"McLean","North Dakota",2,0.246,9450,48.7,"A",21.1640211640212
"2012",38057,"Mercer","North Dakota",2,0.237,8187,40.5,"A",24.4289727616954
"2013",38059,"Morton","North Dakota",11,0.205,31364,47.7,"A",35.0720571355694
"2014",38061,"Mountrail","North Dakota",6,0.256,10545,46.1,"C",56.8990042674253
"2015",38063,"Nelson","North Dakota",2,0.274,2879,73.7,"A",69.468565474123
"2016",38065,"Oliver","North Dakota",1,0.221,1959,26.9,"A",51.0464522715671
"2017",38067,"Pembina","North Dakota",6,0.247,6801,58.2,"A",88.2223202470225
"2018",38069,"Pierce","North Dakota",3,0.246,3975,46.9,"A",75.4716981132075
"2019",38071,"Ramsey","North Dakota",13,0.195,11519,60.3,"B",112.857018838441
"2020",38073,"Ransom","North Dakota",5,0.354,5218,62.8,"A",95.8221540820238
"2021",38075,"Renville","North Dakota",0,0.274,2327,41,"A",0
"2022",38077,"Richland","North Dakota",11,0.366,16177,55.1,"A",67.9977746182852
"2023",38079,"Rolette","North Dakota",10,0.228,14176,80.2,"D",70.5417607223476
"2024",38081,"Sargent","North Dakota",0,0.257,3898,61.7,"A",0
"2025",38083,"Sheridan","North Dakota",1,0.235,1315,38.1,"A",76.0456273764259
"2026",38085,"Sioux","North Dakota",1,0.211,4230,66.5,"D",23.6406619385343
"2027",38087,"Slope","North Dakota",0,0.215,750,11.3,"A",0
"2028",38089,"Stark","North Dakota",10,0.219,31489,38.6,"A",31.7571215345041
"2029",38091,"Steele","North Dakota",0,0.283,1890,48.9,"A",0
"2030",38093,"Stutsman","North Dakota",5,0.354,20704,56.1,"B",24.1499227202473
"2031",38095,"Towner","North Dakota",1,0.18,2189,49.9,"A",45.6829602558246
"2032",38097,"Traill","North Dakota",5,0.303,8036,56.4,"A",62.2200099552016
"2033",38099,"Walsh","North Dakota",5,0.271,10641,60.7,"B",46.988065031482
"2034",38101,"Ward","North Dakota",18,0.276,67641,53.4,"B",26.6110790792567
"2035",38103,"Wells","North Dakota",2,0.226,3834,44.8,"A",52.1648408972353
"2036",38105,"Williams","North Dakota",11,0.223,37589,31.5,"B",29.2638803905398
"2037",39001,"Adams","Ohio",45,0.439,27698,36.5,"C",162.466604086938
"2038",39003,"Allen","Ohio",131,0.314,102351,45.4,"C",127.990933161376
"2039",39005,"Ashland","Ohio",69,0.438,53484,44.9,"B",129.010545209782
"2040",39007,"Ashtabula","Ohio",153,0.492,97241,54.9,"D",157.341039273557
"2041",39009,"Athens","Ohio",51,0.413,65327,52.1,"C",78.0687923829351
"2042",39011,"Auglaize","Ohio",61,0.285,45656,40.2,"A",133.607850008761
"2043",39013,"Belmont","Ohio",82,0.464,67006,50.5,"A",122.377100558159
"2044",39015,"Brown","Ohio",61,0.417,43432,42.6,"B",140.449438202247
"2045",39017,"Butler","Ohio",332,0.531,383134,59,"B",86.6537556050886
"2046",39019,"Carroll","Ohio",42,0.39,26914,45.2,"B",156.052612023482
"2047",39021,"Champaign","Ohio",60,0.321,38885,47,"A",154.301144400154
"2048",39023,"Clark","Ohio",201,0.471,134083,54.3,"C",149.907147065624
"2049",39025,"Clermont","Ohio",199,0.584,206428,59.1,"A",96.4016509388261
"2050",39027,"Clinton","Ohio",64,0.455,41968,50.8,"B",152.497140678612
"2051",39029,"Columbiana","Ohio",121,0.551,101883,50.9,"B",118.763679907345
"2052",39031,"Coshocton","Ohio",36,0.258,36600,40.4,"C",98.3606557377049
"2053",39033,"Crawford","Ohio",59,0.482,41494,46.4,"B",142.189232178146
"2054",39035,"Cuyahoga","Ohio",1211,0.609,1235072,67.9,"C",98.0509638304488
"2055",39037,"Darke","Ohio",62,0.271,51113,41.1,"A",121.299865004989
"2056",39039,"Defiance","Ohio",43,0.462,38087,50.7,"A",112.899414498385
"2057",39041,"Delaware","Ohio",104,0.64,209177,78.4,"A",49.718659317229
"2058",39043,"Erie","Ohio",64,0.63,74266,60.9,"B",86.176716128511
"2059",39045,"Fairfield","Ohio",148,0.527,157574,60.2,"A",93.9241245383122
"2060",39047,"Fayette","Ohio",54,0.302,28525,45.7,"B",189.307624890447
"2061",39049,"Franklin","Ohio",814,0.617,1316756,67,"C",61.8185905361358
"2062",39051,"Fulton","Ohio",49,0.335,42126,54.1,"A",116.317713526088
"2063",39053,"Gallia","Ohio",51,0.463,29898,48.2,"B",170.579971904475
"2064",39055,"Geauga","Ohio",82,0.631,93649,63.3,"A",87.5609990496428
"2065",39057,"Greene","Ohio",134,0.519,168937,65.2,"A",79.3195096396882
"2066",39059,"Guernsey","Ohio",64,0.419,38875,45.5,"C",164.630225080386
"2067",39061,"Hamilton","Ohio",540,0.549,817473,65.4,"C",66.0572275781585
"2068",39063,"Hancock","Ohio",78,0.373,75783,52.4,"A",102.925458216223
"2069",39065,"Hardin","Ohio",46,0.368,31365,39.7,"B",146.660290132313
"2070",39067,"Harrison","Ohio",23,0.365,15040,44.1,"C",152.925531914894
"2071",39069,"Henry","Ohio",25,0.465,27006,55.3,"A",92.5720210323632
"2072",39071,"Highland","Ohio",54,0.468,43161,39,"C",125.112949190241
"2073",39073,"Hocking","Ohio",37,0.38,28264,50.1,"B",130.908576280781
"2074",39075,"Holmes","Ohio",34,0.457,43960,18.6,"B",77.3430391264786
"2075",39077,"Huron","Ohio",59,0.369,58266,49.2,"B",101.259739813957
"2076",39079,"Jackson","Ohio",37,0.341,32413,49,"C",114.151729244439
"2077",39081,"Jefferson","Ohio",88,0.42,65325,51.7,"B",134.711060084194
"2078",39083,"Knox","Ohio",58,0.526,62322,44.6,"A",93.0650492602933
"2079",39085,"Lake","Ohio",239,0.544,230149,67.5,"A",103.845769479772
"2080",39087,"Lawrence","Ohio",101,0.399,59463,52.9,"B",169.853522358441
"2081",39089,"Licking","Ohio",133,0.539,176862,56.5,"A",75.1998733475817
"2082",39091,"Logan","Ohio",43,0.186,45672,44.1,"A",94.1495883692415
"2083",39093,"Lorain","Ohio",310,0.508,309833,66.1,"B",100.053900004196
"2084",39095,"Lucas","Ohio",405,0.566,428348,60,"C",94.5492916974049
"2085",39097,"Madison","Ohio",45,0.447,44731,54.6,"A",100.60137264984
"2086",39099,"Mahoning","Ohio",287,0.525,228683,59,"C",125.501239707368
"2087",39101,"Marion","Ohio",68,0.462,65093,50.6,"C",104.465917994254
"2088",39103,"Medina","Ohio",140,0.503,179746,66.1,"A",77.8876859568502
"2089",39105,"Meigs","Ohio",35,0.432,22907,48.8,"C",152.791723054088
"2090",39107,"Mercer","Ohio",36,0.233,41172,39.2,"A",87.4380647041679
"2091",39109,"Miami","Ohio",128,0.436,106987,49.2,"A",119.640704010768
"2092",39111,"Monroe","Ohio",16,0.386,13654,49.6,"A",117.181778233485
"2093",39113,"Montgomery","Ohio",659,0.607,531687,58.5,"C",123.945103039946
"2094",39115,"Morgan","Ohio",19,0.332,14508,44.1,"B",130.962227736421
"2095",39117,"Morrow","Ohio",42,0.462,35328,43.1,"A",118.885869565217
"2096",39119,"Muskingum","Ohio",86,0.416,86215,49.7,"B",99.7506234413965
"2097",39121,"Noble","Ohio",12,0.357,14424,48.1,"C",83.1946755407654
"2098",39123,"Ottawa","Ohio",40,0.609,40525,63.4,"A",98.7045033929673
"2099",39125,"Paulding","Ohio",18,0.29,18672,43.6,"A",96.401028277635
"2100",39127,"Perry","Ohio",41,0.309,36134,42.3,"B",113.466541207727
"2101",39129,"Pickaway","Ohio",74,0.51,58457,52.6,"B",126.588774654875
"2102",39131,"Pike","Ohio",53,0.409,27772,46.4,"C",190.839694656489
"2103",39133,"Portage","Ohio",144,0.555,162466,59.1,"B",88.6339295606465
"2104",39135,"Preble","Ohio",54,0.375,40882,44.3,"A",132.087471258745
"2105",39137,"Putnam","Ohio",34,0.28,33861,50.1,"A",100.410501757184
"2106",39139,"Richland","Ohio",141,0.419,121154,46.1,"C",116.380804595804
"2107",39141,"Ross","Ohio",80,0.447,76666,52.4,"C",104.348733467248
"2108",39143,"Sandusky","Ohio",65,0.469,58518,53.9,"B",111.076933593082
"2109",39145,"Scioto","Ohio",79,0.387,75314,52.2,"D",104.894176381549
"2110",39147,"Seneca","Ohio",55,0.279,55178,50.5,"A",99.6774076624742
"2111",39149,"Shelby","Ohio",48,0.2,48590,37,"A",98.7857583864993
"2112",39151,"Stark","Ohio",481,0.525,370606,56.6,"B",129.787429237519
"2113",39153,"Summit","Ohio",515,0.565,541013,66,"B",95.1917976092996
"2114",39155,"Trumbull","Ohio",302,0.535,197974,56.7,"B",152.545283724125
"2115",39157,"Tuscarawas","Ohio",131,0.339,91987,46,"B",142.41142770174
"2116",39159,"Union","Ohio",32,0.463,58988,66,"A",54.2483216925476
"2117",39161,"Van Wert","Ohio",48,0.212,28275,44.8,"A",169.761273209549
"2118",39163,"Vinton","Ohio",16,0.38,13085,40.1,"C",122.277416889568
"2119",39165,"Warren","Ohio",199,0.647,234602,67.2,"A",84.8245112999889
"2120",39167,"Washington","Ohio",76,0.375,59911,57.7,"B",126.854834671429
"2121",39169,"Wayne","Ohio",139,0.466,115710,47,"B",120.127905971826
"2122",39171,"Williams","Ohio",43,0.425,36692,45.9,"A",117.191758421454
"2123",39173,"Wood","Ohio",113,0.572,130817,62.9,"A",86.3802105230971
"2124",39175,"Wyandot","Ohio",27,0.426,21772,48.8,"A",124.012493110417
"2125",40001,"Adair","Oklahoma",50,0.356,22194,38.5,"D",225.286113363972
"2126",40003,"Alfalfa","Oklahoma",10,0.262,5702,46.9,"B",175.377060680463
"2127",40005,"Atoka","Oklahoma",28,0.345,13758,37.8,"D",203.517953190871
"2128",40007,"Beaver","Oklahoma",12,0.384,5311,33.5,"B",225.946149501036
"2129",40009,"Beckham","Oklahoma",27,0.339,21859,42.7,"D",123.518916693353
"2130",40011,"Blaine","Oklahoma",24,0.326,9429,48.3,"C",254.533884823417
"2131",40013,"Bryan","Oklahoma",95,0.457,47995,45.4,"D",197.937285133868
"2132",40015,"Caddo","Oklahoma",58,0.444,28762,68.3,"D",201.654961407413
"2133",40017,"Canadian","Oklahoma",109,0.472,148306,61.8,"B",73.4966892775747
"2134",40019,"Carter","Oklahoma",55,0.351,48111,46.1,"D",114.318970713558
"2135",40021,"Cherokee","Oklahoma",39,0.327,48657,50.9,"D",80.1529070842839
"2136",40023,"Choctaw","Oklahoma",48,0.454,14672,36.9,"D",327.153762268266
"2137",40025,"Cimarron","Oklahoma",12,0.358,2137,34.9,"B",561.534861956013
"2138",40027,"Cleveland","Oklahoma",235,0.524,284014,60.5,"B",82.7424000225341
"2139",40029,"Coal","Oklahoma",5,0.394,5495,42.8,"D",90.9918107370337
"2140",40031,"Comanche","Oklahoma",92,0.413,120749,66.8,"D",76.1911071727302
"2141",40033,"Cotton","Oklahoma",16,0.548,5666,51.5,"C",282.386163078009
"2142",40035,"Craig","Oklahoma",28,0.292,14142,55.7,"D",197.991797482676
"2143",40037,"Creek","Oklahoma",77,0.415,71522,45.8,"C",107.659181790218
"2144",40039,"Custer","Oklahoma",42,0.177,29003,50.4,"C",144.812605592525
"2145",40041,"Delaware","Oklahoma",82,0.316,43009,44.3,"D",190.657769304099
"2146",40043,"Dewey","Oklahoma",11,0.244,4891,26,"B",224.902882846044
"2147",40045,"Ellis","Oklahoma",11,0.306,3859,36.1,"B",285.047939880798
"2148",40047,"Garfield","Oklahoma",91,0.258,61056,52.6,"C",149.043501048218
"2149",40049,"Garvin","Oklahoma",48,0.433,27711,48.3,"C",173.216412255061
"2150",40051,"Grady","Oklahoma",60,0.422,55834,40.2,"B",107.461403445929
"2151",40053,"Grant","Oklahoma",11,0.257,4333,43.5,"A",253.865681975537
"2152",40055,"Greer","Oklahoma",16,0.365,5712,37.9,"C",280.112044817927
"2153",40057,"Harmon","Oklahoma",5,0.338,2653,50.8,"D",188.465887674331
"2154",40059,"Harper","Oklahoma",3,0.278,3688,46.5,"C",81.3449023861171
"2155",40061,"Haskell","Oklahoma",33,0.303,12627,43.1,"D",261.344737467332
"2156",40063,"Hughes","Oklahoma",21,0.514,13279,48,"D",158.144438587243
"2157",40065,"Jackson","Oklahoma",23,0.411,24530,56.2,"C",93.7627395026498
"2158",40067,"Jefferson","Oklahoma",10,0.505,6002,43,"D",166.611129623459
"2159",40069,"Johnston","Oklahoma",18,0.374,11085,44.5,"D",162.381596752368
"2160",40071,"Kay","Oklahoma",66,0.419,43538,45.4,"D",151.591712986357
"2161",40073,"Kingfisher","Oklahoma",15,0.619,15765,49.4,"B",95.1474785918173
"2162",40075,"Kiowa","Oklahoma",11,0.415,8708,52.8,"C",126.320624712908
"2163",40077,"Latimer","Oklahoma",22,0.245,10073,35.8,"D",218.405638836494
"2164",40079,"Le Flore","Oklahoma",116,0.354,49853,41,"D",232.684091228211
"2165",40081,"Lincoln","Oklahoma",29,0.337,34877,42.2,"B",83.1493534420965
"2166",40083,"Logan","Oklahoma",47,0.519,48011,36.9,"B",97.8942325717023
"2167",40085,"Love","Oklahoma",28,0.435,10253,44.1,"D",273.090802691895
"2168",40087,"McClain","Oklahoma",38,0.545,40474,50.4,"B",93.887433908188
"2169",40089,"McCurtain","Oklahoma",103,0.423,32832,37.6,"D",313.718323586745
"2170",40091,"McIntosh","Oklahoma",23,0.373,19596,56,"D",117.370892018779
"2171",40093,"Major","Oklahoma",8,0.261,7629,51.5,"B",104.863022676629
"2172",40095,"Marshall","Oklahoma",44,0.425,16931,46.9,"D",259.878329691099
"2173",40097,"Mayes","Oklahoma",43,0.303,41100,45.4,"D",104.622871046229
"2174",40099,"Murray","Oklahoma",27,0.34,14073,46.4,"D",191.856746962268
"2175",40101,"Muskogee","Oklahoma",96,0.388,67997,54.1,"D",141.182699236731
"2176",40103,"Noble","Oklahoma",15,0.493,11131,65.6,"B",134.758781780613
"2177",40105,"Nowata","Oklahoma",13,0.386,10076,45.8,"C",129.019452163557
"2178",40107,"Okfuskee","Oklahoma",20,0.419,11993,48.7,"D",166.763945634954
"2179",40109,"Oklahoma","Oklahoma",669,0.518,797434,69.5,"D",83.89409029462
"2180",40111,"Okmulgee","Oklahoma",56,0.39,38465,44.4,"D",145.586897179254
"2181",40113,"Osage","Oklahoma",45,0.372,46963,36.6,"C",95.8201137065349
"2182",40115,"Ottawa","Oklahoma",49,0.337,31127,41,"D",157.419603559611
"2183",40117,"Pawnee","Oklahoma",18,0.365,16376,51.3,"B",109.916951636541
"2184",40119,"Payne","Oklahoma",63,0.514,81784,51.8,"C",77.0321823339528
"2185",40121,"Pittsburg","Oklahoma",70,0.258,43654,46.9,"D",160.35185779081
"2186",40123,"Pontotoc","Oklahoma",59,0.601,38284,53.4,"C",154.111378121408
"2187",40125,"Pottawatomie","Oklahoma",89,0.392,72592,52.6,"D",122.603041657483
"2188",40127,"Pushmataha","Oklahoma",20,0.388,11096,37.3,"D",180.245133381399
"2189",40129,"Roger Mills","Oklahoma",8,0.36,3583,38.1,"B",223.276583868267
"2190",40131,"Rogers","Oklahoma",94,0.433,92459,49,"B",101.666684692675
"2191",40133,"Seminole","Oklahoma",38,0.478,24258,55,"D",156.649352790832
"2192",40135,"Sequoyah","Oklahoma",98,0.362,41569,42.4,"D",235.75260410402
"2193",40137,"Stephens","Oklahoma",60,0.375,43143,49.6,"C",139.072387177526
"2194",40139,"Texas","Oklahoma",35,0.43,19983,47.3,"D",175.148876545063
"2195",40141,"Tillman","Oklahoma",19,0.48,7250,51.9,"D",262.068965517241
"2196",40143,"Tulsa","Oklahoma",535,0.482,651552,65.7,"D",82.1116349884583
"2197",40145,"Wagoner","Oklahoma",76,0.375,81289,49.6,"B",93.493584617845
"2198",40147,"Washington","Oklahoma",68,0.345,51527,46.6,"C",131.969646981194
"2199",40149,"Washita","Oklahoma",31,0.313,10916,40.6,"C",283.986808354709
"2200",40151,"Woods","Oklahoma",15,0.272,8793,43.9,"B",170.590242238144
"2201",40153,"Woodward","Oklahoma",31,0.229,20211,39.3,"C",153.381821780219
"2202",41001,"Baker","Oregon",27,0.392,16124,71.8,"C",167.452245100471
"2203",41003,"Benton","Oregon",46,0.77,93053,77.7,"B",49.434193416655
"2204",41005,"Clackamas","Oregon",341,0.721,418187,71.7,"B",81.5424678433332
"2205",41007,"Clatsop","Oregon",25,0.797,40224,70,"C",62.1519490851233
"2206",41009,"Columbia","Oregon",53,0.604,52354,63.5,"B",101.233907628834
"2207",41011,"Coos","Oregon",65,0.577,64487,59.2,"D",100.795509172391
"2208",41013,"Crook","Oregon",35,0.633,24404,53,"B",143.419111621046
"2209",41015,"Curry","Oregon",27,0.655,22925,58.3,"C",117.775354416576
"2210",41017,"Deschutes","Oregon",157,0.666,197692,72.1,"B",79.4164660178459
"2211",41019,"Douglas","Oregon",137,0.511,110980,54.5,"C",123.445665885745
"2212",41021,"Gilliam","Oregon",2,0.607,1912,46.4,"B",104.602510460251
"2213",41023,"Grant","Oregon",9,0.671,7199,46.3,"C",125.017363522711
"2214",41025,"Harney","Oregon",7,0.598,7393,47.2,"C",94.684160692547
"2215",41027,"Hood River","Oregon",11,0.61,23382,88.7,"C",47.0447352664443
"2216",41029,"Jackson","Oregon",221,0.665,220944,60.2,"C",100.025345788978
"2217",41031,"Jefferson","Oregon",34,0.657,24658,65.9,"D",137.886284370184
"2218",41033,"Josephine","Oregon",125,0.652,87487,51.8,"C",142.87837050076
"2219",41035,"Klamath","Oregon",84,0.583,68238,52.4,"D",123.098566780972
"2220",41037,"Lake","Oregon",11,0.558,7869,40.5,"D",139.789045622061
"2221",41039,"Lane","Oregon",298,0.719,382067,70.1,"C",77.996791138727
"2222",41041,"Lincoln","Oregon",51,0.81,49962,73.7,"C",102.07757896001
"2223",41043,"Linn","Oregon",109,0.664,129749,57.2,"C",84.0083545923283
"2224",41045,"Malheur","Oregon",30,0.305,30571,50.3,"D",98.1322168067777
"2225",41047,"Marion","Oregon",270,0.71,347818,65.4,"D",77.6268048232121
"2226",41049,"Morrow","Oregon",12,0.69,11603,58.1,"C",103.421528914936
"2227",41051,"Multnomah","Oregon",525,0.738,812855,83.1,"C",64.5871649925263
"2228",41053,"Polk","Oregon",49,0.645,86085,65.5,"C",56.9204855665912
"2229",41055,"Sherman","Oregon",3,0.66,1780,59.8,"B",168.539325842697
"2230",41057,"Tillamook","Oregon",26,0.581,27036,66.9,"C",96.1680722000296
"2231",41059,"Umatilla","Oregon",61,0.71,77950,57.9,"D",78.2552918537524
"2232",41061,"Union","Oregon",30,0.603,26835,51.2,"C",111.794298490777
"2233",41063,"Wallowa","Oregon",12,0.501,7208,61.5,"B",166.481687014428
"2234",41065,"Wasco","Oregon",29,0.681,26682,68.5,"D",108.687504684806
"2235",41067,"Washington","Oregon",297,0.756,601592,79.7,"B",49.36900756659
"2236",41069,"Wheeler","Oregon",1,0.626,1332,55.6,"B",75.0750750750751
"2237",41071,"Yamhill","Oregon",93,0.729,107100,65.5,"C",86.8347338935574
"2238",42001,"Adams","Pennsylvania",132,0.606,103009,58.6,"A",128.144142744809
"2239",42003,"Allegheny","Pennsylvania",978,0.761,1216045,75.3,"B",80.4246553375903
"2240",42005,"Armstrong","Pennsylvania",104,0.568,64735,62.5,"A",160.654977987179
"2241",42007,"Beaver","Pennsylvania",208,0.725,163929,54.9,"A",126.884199867016
"2242",42009,"Bedford","Pennsylvania",59,0.57,47888,40.6,"A",123.204143000334
"2243",42011,"Berks","Pennsylvania",404,0.719,421164,64.3,"C",95.9246279359109
"2244",42013,"Blair","Pennsylvania",172,0.495,121829,55.6,"B",141.181492091374
"2245",42015,"Bradford","Pennsylvania",74,0.697,60323,45.7,"B",122.672943984881
"2246",42017,"Bucks","Pennsylvania",529,0.805,628270,80.3,"A",84.1994683814284
"2247",42019,"Butler","Pennsylvania",204,0.647,187853,67.9,"A",108.595550776405
"2248",42021,"Cambria","Pennsylvania",179,0.53,130192,58.7,"B",137.4892466511
"2249",42023,"Cameron","Pennsylvania",9,0.649,4447,56.7,"C",202.383629413087
"2250",42025,"Carbon","Pennsylvania",97,0.764,64182,63.7,"B",151.132716337914
"2251",42027,"Centre","Pennsylvania",96,0.792,162385,63.9,"B",59.1187609693013
"2252",42029,"Chester","Pennsylvania",318,0.82,524989,86.2,"A",60.5726977136664
"2253",42031,"Clarion","Pennsylvania",46,0.605,38438,45.7,"B",119.673240022894
"2254",42033,"Clearfield","Pennsylvania",128,0.512,79255,52.2,"C",161.5040060564
"2255",42035,"Clinton","Pennsylvania",35,0.696,38632,47.7,"C",90.5984675916339
"2256",42037,"Columbia","Pennsylvania",81,0.721,64964,64.7,"A",124.684440613263
"2257",42039,"Crawford","Pennsylvania",94,0.558,84629,52.5,"C",111.073036429593
"2258",42041,"Cumberland","Pennsylvania",235,0.562,253370,75.9,"A",92.7497335911907
"2259",42043,"Dauphin","Pennsylvania",293,0.539,278299,68.1,"C",105.282448014546
"2260",42045,"Delaware","Pennsylvania",439,0.814,566747,82.8,"C",77.4596071968621
"2261",42047,"Elk","Pennsylvania",39,0.695,29910,57.8,"A",130.391173520562
"2262",42049,"Erie","Pennsylvania",238,0.766,269728,63.3,"C",88.2370387946376
"2263",42051,"Fayette","Pennsylvania",202,0.578,129274,60.4,"C",156.257252038306
"2264",42053,"Forest","Pennsylvania",5,0.622,7247,74.7,"C",68.9940665102801
"2265",42055,"Franklin","Pennsylvania",225,0.607,155027,52.5,"B",145.13600856625
"2266",42057,"Fulton","Pennsylvania",22,0.559,14530,37.7,"A",151.410874053682
"2267",42059,"Greene","Pennsylvania",53,0.475,36233,53.3,"B",146.275494714763
"2268",42061,"Huntingdon","Pennsylvania",68,0.483,45144,53.7,"B",150.629097997519
"2269",42063,"Indiana","Pennsylvania",88,0.652,84073,47.8,"C",104.67094073008
"2270",42065,"Jefferson","Pennsylvania",75,0.531,43425,50.2,"B",172.711571675302
"2271",42067,"Juniata","Pennsylvania",44,0.56,24763,42.6,"B",177.684448572467
"2272",42069,"Lackawanna","Pennsylvania",270,0.843,209674,75,"C",128.77133073247
"2273",42071,"Lancaster","Pennsylvania",478,0.724,545724,63.5,"C",87.5900638417955
"2274",42073,"Lawrence","Pennsylvania",116,0.503,85512,57.3,"B",135.653475535597
"2275",42075,"Lebanon","Pennsylvania",158,0.725,141793,59.7,"C",111.430042385731
"2276",42077,"Lehigh","Pennsylvania",295,0.826,369318,76.8,"C",79.8769624009661
"2277",42079,"Luzerne","Pennsylvania",469,0.779,317417,67.9,"C",147.755161191745
"2278",42081,"Lycoming","Pennsylvania",137,0.614,113299,55.4,"B",120.918984280532
"2279",42083,"McKean","Pennsylvania",54,0.82,40625,52.6,"B",132.923076923077
"2280",42085,"Mercer","Pennsylvania",106,0.62,109424,56.4,"C",96.8708875566603
"2281",42087,"Mifflin","Pennsylvania",63,0.567,46138,52.2,"B",136.546881095843
"2282",42089,"Monroe","Pennsylvania",162,0.822,170271,63.4,"B",95.1424493895026
"2283",42091,"Montgomery","Pennsylvania",558,0.761,830915,85.5,"A",67.1548834718353
"2284",42093,"Montour","Pennsylvania",15,0.714,18230,84,"B",82.2819528250137
"2285",42095,"Northampton","Pennsylvania",321,0.822,305285,71.5,"B",105.147648918224
"2286",42097,"Northumberland","Pennsylvania",103,0.649,90843,60.3,"B",113.382429025902
"2287",42099,"Perry","Pennsylvania",42,0.649,46272,51.8,"A",90.7676348547718
"2288",42101,"Philadelphia","Pennsylvania",1163,0.794,1584064,76.1,"D",73.4187507575451
"2289",42103,"Pike","Pennsylvania",94,0.777,55809,62.8,"A",168.431614972495
"2290",42105,"Potter","Pennsylvania",20,0.747,16526,40.5,"B",121.02142079148
"2291",42107,"Schuylkill","Pennsylvania",186,0.711,141359,63.1,"B",131.5798781825
"2292",42109,"Snyder","Pennsylvania",41,0.572,40372,45.7,"A",101.555533538096
"2293",42111,"Somerset","Pennsylvania",102,0.464,73447,51.4,"B",138.875651830572
"2294",42113,"Sullivan","Pennsylvania",10,0.76,6066,56.5,"B",164.853280580284
"2295",42115,"Susquehanna","Pennsylvania",39,0.822,40328,51.2,"A",96.7070025788534
"2296",42117,"Tioga","Pennsylvania",47,0.565,40591,49,"B",115.789214357863
"2297",42119,"Union","Pennsylvania",26,0.576,44923,60.5,"B",57.8768114328963
"2298",42121,"Venango","Pennsylvania",64,0.714,50668,48.3,"B",126.312465461435
"2299",42123,"Warren","Pennsylvania",53,0.634,39191,52.1,"A",135.235130514659
"2300",42125,"Washington","Pennsylvania",193,0.735,206865,67.6,"A",93.2975612114181
"2301",42127,"Wayne","Pennsylvania",58,0.828,51361,65.6,"B",112.92615019178
"2302",42129,"Westmoreland","Pennsylvania",388,0.673,348899,60.8,"A",111.206968205698
"2303",42131,"Wyoming","Pennsylvania",30,0.836,26794,63.9,"A",111.965365380309
"2304",42133,"York","Pennsylvania",425,0.693,449058,62.4,"B",94.642562876065
"2305",44001,"Bristol","Rhode Island",36,0.827,48479,83.2,"A",74.2589574867468
"2306",44003,"Kent","Rhode Island",125,0.807,164292,81.9,"A",76.084045479999
"2307",44005,"Newport","Rhode Island",76,0.815,82082,79.9,"B",92.5903364927755
"2308",44007,"Providence","Rhode Island",462,0.754,638931,73.9,"D",72.3082774196275
"2309",44009,"Washington","Rhode Island",74,0.807,125577,83.4,"A",58.9279884055201
"2310",45001,"Abbeville","South Carolina",41,0.371,24527,41.7,"D",167.162718636605
"2311",45003,"Aiken","South Carolina",289,0.505,170872,48.8,"C",169.132450021068
"2312",45005,"Allendale","South Carolina",14,0.384,8688,61.1,"D",161.141804788214
"2313",45007,"Anderson","South Carolina",247,0.468,202558,41.9,"C",121.940382507726
"2314",45009,"Bamberg","South Carolina",12,0.515,14066,52.9,"D",85.3121000995308
"2315",45011,"Barnwell","South Carolina",17,0.447,20866,58.1,"D",81.4722515096329
"2316",45013,"Beaufort","South Carolina",80,0.733,192122,72.2,"C",41.6402077846368
"2317",45015,"Berkeley","South Carolina",151,0.597,227907,54.9,"C",66.2550952800923
"2318",45017,"Calhoun","South Carolina",7,0.592,14553,43,"D",48.1000481000481
"2319",45019,"Charleston","South Carolina",249,0.657,411406,68.8,"B",60.5241537556574
"2320",45021,"Cherokee","South Carolina",62,0.528,57300,35.5,"C",108.202443280977
"2321",45023,"Chester","South Carolina",46,0.5,32244,47.9,"C",142.662200719514
"2322",45025,"Chesterfield","South Carolina",58,0.526,45650,38.9,"D",127.053669222344
"2323",45027,"Clarendon","South Carolina",34,0.486,33745,50.9,"D",100.755667506297
"2324",45029,"Colleton","South Carolina",34,0.641,37677,50.6,"D",90.2407304190886
"2325",45031,"Darlington","South Carolina",97,0.548,66618,50.6,"D",145.606292593593
"2326",45033,"Dillon","South Carolina",31,0.43,30479,46.8,"D",101.709373667115
"2327",45035,"Dorchester","South Carolina",145,0.576,162809,55.7,"C",89.0614155237118
"2328",45037,"Edgefield","South Carolina",40,0.569,27260,63.1,"D",146.735143066764
"2329",45039,"Fairfield","South Carolina",17,0.566,22347,67.7,"C",76.0728509419609
"2330",45041,"Florence","South Carolina",123,0.564,138293,57,"D",88.9415950192707
"2331",45043,"Georgetown","South Carolina",72,0.675,62680,56.6,"C",114.8691767709
"2332",45045,"Greenville","South Carolina",526,0.513,523542,57.8,"C",100.469494329013
"2333",45047,"Greenwood","South Carolina",81,0.463,70811,49.6,"D",114.389007357614
"2334",45049,"Hampton","South Carolina",12,0.542,19222,66.2,"D",62.4284673811258
"2335",45051,"Horry","South Carolina",313,0.591,354081,59.1,"C",88.3978524687854
"2336",45053,"Jasper","South Carolina",25,0.559,30073,40.3,"D",83.1310477837263
"2337",45055,"Kershaw","South Carolina",55,0.616,66551,61.3,"B",82.6433862751875
"2338",45057,"Lancaster","South Carolina",77,0.594,98012,50.4,"C",78.5618087581112
"2339",45059,"Laurens","South Carolina",71,0.43,67493,40,"D",105.196094409791
"2340",45061,"Lee","South Carolina",36,0.506,16828,49.9,"D",213.929165676254
"2341",45063,"Lexington","South Carolina",198,0.576,298750,58.1,"B",66.2761506276151
"2342",45065,"McCormick","South Carolina",11,0.505,9463,61.5,"C",116.242206488429
"2343",45067,"Marion","South Carolina",36,0.376,30657,50.5,"D",117.428319796458
"2344",45069,"Marlboro","South Carolina",51,0.515,26118,46.8,"D",195.267631518493
"2345",45071,"Newberry","South Carolina",61,0.529,38440,54.6,"D",158.688865764828
"2346",45073,"Oconee","South Carolina",108,0.472,79546,46.8,"D",135.770497573731
"2347",45075,"Orangeburg","South Carolina",95,0.529,86175,58.1,"D",110.240789091964
"2348",45077,"Pickens","South Carolina",150,0.493,126884,48.3,"C",118.218215062577
"2349",45079,"Richland","South Carolina",199,0.62,415759,64.3,"D",47.8642675203664
"2350",45081,"Saluda","South Carolina",24,0.529,20473,31.7,"D",117.227568016412
"2351",45083,"Spartanburg","South Carolina",316,0.496,319785,45.5,"D",98.8163922635521
"2352",45085,"Sumter","South Carolina",109,0.483,106721,59.2,"D",102.135474742553
"2353",45087,"Union","South Carolina",46,0.462,27316,43.3,"D",168.399472836433
"2354",45089,"Williamsburg","South Carolina",37,0.631,30368,59.1,"D",121.838777660695
"2355",45091,"York","South Carolina",247,0.602,280979,53.3,"B",87.9069254285907
"2356",46003,"Aurora","South Dakota",1,0.302,2751,58.4,"A",36.3504180298073
"2357",46005,"Beadle","South Dakota",15,0.342,18453,52.9,"C",81.2875955129247
"2358",46007,"Bennett","South Dakota",7,0.356,3365,68.4,"D",208.023774145617
"2359",46009,"Bon Homme","South Dakota",11,0.295,6901,61,"A",159.397188813215
"2360",46011,"Brookings","South Dakota",21,0.345,35077,54.7,"A",59.8682897625225
"2361",46013,"Brown","South Dakota",25,0.338,38839,60.6,"A",64.3682896058086
"2362",46015,"Brule","South Dakota",10,0.33,5297,62.7,"B",188.786105342647
"2363",46017,"Buffalo","South Dakota",5,0.371,1962,64.4,"D",254.841997961264
"2364",46019,"Butte","South Dakota",8,0.438,10429,42.3,"B",76.7091763352191
"2365",46021,"Campbell","South Dakota",1,0.278,1376,49.3,"A",72.6744186046512
"2366",46023,"Charles Mix","South Dakota",5,0.288,9292,63.2,"C",53.8097287989669
"2367",46025,"Clark","South Dakota",6,0.345,3736,53.3,"A",160.599571734475
"2368",46027,"Clay","South Dakota",9,0.373,14070,72.4,"C",63.9658848614073
"2369",46029,"Codington","South Dakota",15,0.305,28009,58.8,"B",53.5542147166982
"2370",46031,"Corson","South Dakota",9,0.247,4086,60.5,"D",220.264317180617
"2371",46033,"Custer","South Dakota",8,0.396,8972,53.3,"B",89.1662951404369
"2372",46035,"Davison","South Dakota",14,0.267,19775,67.5,"B",70.7964601769911
"2373",46037,"Day","South Dakota",10,0.311,5424,71,"A",184.365781710914
"2374",46039,"Deuel","South Dakota",0,0.309,4351,49,"A",0
"2375",46041,"Dewey","South Dakota",11,0.497,5892,84.9,"D",186.693822131704
"2376",46043,"Douglas","South Dakota",4,0.289,2921,56.5,"A",136.939404313591
"2377",46045,"Edmunds","South Dakota",3,0.348,3829,48.4,"A",78.3494384956908
"2378",46047,"Fall River","South Dakota",14,0.364,6713,64.7,"C",208.550573514077
"2379",46049,"Faulk","South Dakota",1,0.372,2299,57.6,"B",43.4971726837756
"2380",46051,"Grant","South Dakota",4,0.26,7052,53.1,"A",56.7214974475326
"2381",46053,"Gregory","South Dakota",1,0.299,4185,53.3,"A",23.89486260454
"2382",46055,"Haakon","South Dakota",2,0.44,1899,44.1,"B",105.318588730911
"2383",46057,"Hamlin","South Dakota",1,0.345,6164,49.2,"A",16.2232316677482
"2384",46059,"Hand","South Dakota",5,0.376,3191,50.6,"A",156.690692572861
"2385",46061,"Hanson","South Dakota",5,0.29,3453,46.9,"A",144.801621778164
"2386",46063,"Harding","South Dakota",0,0.446,1298,19.6,"A",0
"2387",46065,"Hughes","South Dakota",9,0.523,17526,76.7,"B",51.3522766175967
"2388",46067,"Hutchinson","South Dakota",10,0.321,7291,56.3,"A",137.155397064875
"2389",46069,"Hyde","South Dakota",3,0.43,1301,57,"A",230.591852421214
"2390",46071,"Jackson","South Dakota",2,0.401,3344,59.8,"D",59.8086124401914
"2391",46073,"Jerauld","South Dakota",2,0.326,2013,54.5,"A",99.3541977148535
"2392",46075,"Jones","South Dakota",1,0.462,903,82.3,"A",110.741971207087
"2393",46077,"Kingsbury","South Dakota",5,0.341,4939,72.2,"A",101.235067827495
"2394",46079,"Lake","South Dakota",6,0.326,12797,53.9,"A",46.8859889036493
"2395",46081,"Lawrence","South Dakota",12,0.428,25844,62.2,"B",46.432440798638
"2396",46083,"Lincoln","South Dakota",30,0.385,61128,64.6,"A",49.0773458971339
"2397",46085,"Lyman","South Dakota",3,0.419,3781,70.6,"D",79.3440888653795
"2398",46087,"McCook","South Dakota",2,0.35,5586,60.8,"A",35.8037952022914
"2399",46089,"McPherson","South Dakota",6,0.323,2379,41.6,"A",252.206809583859
"2400",46091,"Marshall","South Dakota",7,0.313,4935,55.3,"A",141.843971631206
"2401",46093,"Meade","South Dakota",12,0.425,28332,57.3,"A",42.3549343498518
"2402",46095,"Mellette","South Dakota",4,0.405,2061,42.3,"D",194.080543425522
"2403",46097,"Miner","South Dakota",3,0.284,2216,56.9,"A",135.379061371841
"2404",46099,"Minnehaha","South Dakota",117,0.369,193134,72.7,"B",60.579701140141
"2405",46101,"Moody","South Dakota",4,0.329,6576,53.1,"B",60.8272506082725
"2406",46102,"Oglala Lakota","South Dakota",7,0.355,14177,90.3,"D",49.3757494533399
"2407",46103,"Pennington","South Dakota",84,0.414,113775,63.5,"C",73.8299274884641
"2408",46105,"Perkins","South Dakota",3,0.36,2865,32.7,"B",104.712041884817
"2409",46107,"Potter","South Dakota",4,0.431,2153,62.9,"A",185.78727357176
"2410",46109,"Roberts","South Dakota",11,0.326,10394,82.1,"C",105.830286703868
"2411",46111,"Sanborn","South Dakota",5,0.276,2344,58,"A",213.310580204778
"2412",46115,"Spink","South Dakota",5,0.36,6376,54.7,"A",78.4190715181932
"2413",46117,"Stanley","South Dakota",6,0.546,3098,63.3,"A",193.673337637185
"2414",46119,"Sully","South Dakota",0,0.528,1391,47.3,"A",0
"2415",46121,"Todd","South Dakota",14,0.357,10177,81.6,"D",137.56509776948
"2416",46123,"Tripp","South Dakota",8,0.343,5441,47.3,"C",147.031795625804
"2417",46125,"Turner","South Dakota",2,0.375,8384,56.4,"A",23.8549618320611
"2418",46127,"Union","South Dakota",8,0.418,15932,56.7,"A",50.2134069796636
"2419",46129,"Walworth","South Dakota",9,0.318,5435,52.3,"B",165.593376264949
"2420",46135,"Yankton","South Dakota",16,0.259,22814,69.2,"B",70.1323748575436
"2421",46137,"Ziebach","South Dakota",1,0.434,2756,39.1,"D",36.2844702467344
"2422",47001,"Anderson","Tennessee",117,0.48,76978,57.5,"C",151.991478084648
"2423",47003,"Bedford","Tennessee",43,0.249,49713,44.8,"C",86.496489851749
"2424",47005,"Benton","Tennessee",23,0.306,16160,45.7,"B",142.326732673267
"2425",47007,"Bledsoe","Tennessee",25,0.415,15064,38.1,"C",165.958576739246
"2426",47009,"Blount","Tennessee",182,0.562,133088,53.9,"B",136.751622986295
"2427",47011,"Bradley","Tennessee",126,0.373,108110,43.1,"C",116.547960410693
"2428",47013,"Campbell","Tennessee",54,0.554,39842,45.3,"D",135.535364690528
"2429",47015,"Cannon","Tennessee",25,0.282,14678,33.2,"B",170.322932279602
"2430",47017,"Carroll","Tennessee",42,0.337,27767,50.3,"C",151.258688371088
"2431",47019,"Carter","Tennessee",99,0.487,56391,41.8,"C",175.559929776028
"2432",47021,"Cheatham","Tennessee",49,0.48,40667,61,"B",120.490815649052
"2433",47023,"Chester","Tennessee",21,0.34,17297,36.9,"C",121.408336705787
"2434",47025,"Claiborne","Tennessee",64,0.397,31959,47.9,"C",200.256578741513
"2435",47027,"Clay","Tennessee",17,0.406,7615,30.6,"C",223.243598161523
"2436",47029,"Cocke","Tennessee",71,0.431,36004,51.6,"C",197.200311076547
"2437",47031,"Coffee","Tennessee",75,0.363,56520,47.7,"C",132.696390658174
"2438",47033,"Crockett","Tennessee",14,0.432,14230,50,"D",98.3836964160225
"2439",47035,"Cumberland","Tennessee",69,0.395,60520,48.7,"B",114.011896893589
"2440",47037,"Davidson","Tennessee",418,0.677,694144,68.1,"C",60.2180527383367
"2441",47039,"Decatur","Tennessee",23,0.318,11663,39.2,"B",197.204835805539
"2442",47041,"DeKalb","Tennessee",23,0.328,20490,42.7,"C",112.249877989263
"2443",47043,"Dickson","Tennessee",54,0.455,53948,50.2,"B",100.096389115445
"2444",47045,"Dyer","Tennessee",57,0.331,37159,41.8,"C",153.394870690815
"2445",47047,"Fayette","Tennessee",64,0.682,41133,58.9,"B",155.59283300513
"2446",47049,"Fentress","Tennessee",50,0.437,18523,35,"B",269.934675808454
"2447",47051,"Franklin","Tennessee",58,0.411,42208,42.8,"C",137.414708112206
"2448",47053,"Gibson","Tennessee",76,0.361,49133,47,"D",154.682189160035
"2449",47055,"Giles","Tennessee",58,0.441,29464,40.7,"B",196.850393700787
"2450",47057,"Grainger","Tennessee",26,0.39,23320,50.4,"C",111.492281303602
"2451",47059,"Greene","Tennessee",120,0.41,69069,47.5,"C",173.739304174087
"2452",47061,"Grundy","Tennessee",15,0.33,13427,31.5,"D",111.715200714977
"2453",47063,"Hamblen","Tennessee",94,0.42,64934,43.9,"D",144.762374102935
"2454",47065,"Hamilton","Tennessee",353,0.411,367804,58.5,"C",95.9750301791171
"2455",47067,"Hancock","Tennessee",16,0.41,6620,33.3,"D",241.691842900302
"2456",47069,"Hardeman","Tennessee",37,0.434,25050,48.4,"D",147.704590818363
"2457",47071,"Hardin","Tennessee",62,0.371,25652,41.9,"C",241.696553874942
"2458",47073,"Hawkins","Tennessee",118,0.407,56786,45.8,"C",207.797696615363
"2459",47075,"Haywood","Tennessee",26,0.565,17304,54.3,"D",150.254276467869
"2460",47077,"Henderson","Tennessee",63,0.327,28117,42.3,"C",224.063733684248
"2461",47079,"Henry","Tennessee",58,0.347,32345,49.2,"C",179.316741381976
"2462",47081,"Hickman","Tennessee",29,0.581,25178,43.6,"B",115.179918976885
"2463",47083,"Houston","Tennessee",11,0.39,8201,44.5,"B",134.129984148275
"2464",47085,"Humphreys","Tennessee",25,0.36,18582,42.4,"B",134.538800990206
"2465",47087,"Jackson","Tennessee",17,0.392,11786,36.1,"C",144.238927541151
"2466",47089,"Jefferson","Tennessee",88,0.431,54495,51.5,"C",161.482704835306
"2467",47091,"Johnson","Tennessee",44,0.412,17788,38.8,"C",247.357769282662
"2468",47093,"Knox","Tennessee",487,0.579,470313,62,"B",103.548062673156
"2469",47095,"Lake","Tennessee",12,0.357,7016,36.3,"D",171.037628278221
"2470",47097,"Lauderdale","Tennessee",36,0.508,25633,38.7,"D",140.443958959154
"2471",47099,"Lawrence","Tennessee",68,0.45,44142,37.9,"D",154.048298672466
"2472",47101,"Lewis","Tennessee",19,0.385,12268,36.6,"C",154.874470166286
"2473",47103,"Lincoln","Tennessee",48,0.367,34366,42.4,"B",139.672932549613
"2474",47105,"Loudon","Tennessee",71,0.573,54068,65.7,"A",131.316120440926
"2475",47107,"McMinn","Tennessee",86,0.384,53794,41.3,"C",159.869130386288
"2476",47109,"McNairy","Tennessee",55,0.4,25694,49.1,"B",214.05775667471
"2477",47111,"Macon","Tennessee",40,0.47,24602,33.9,"C",162.588407446549
"2478",47113,"Madison","Tennessee",113,0.381,97984,56,"D",115.32495101241
"2479",47115,"Marion","Tennessee",28,0.381,28907,47.4,"B",96.862351679524
"2480",47117,"Marshall","Tennessee",30,0.349,34375,44,"B",87.2727272727273
"2481",47119,"Maury","Tennessee",103,0.466,96387,66.4,"B",106.860883729134
"2482",47121,"Meigs","Tennessee",16,0.453,12422,69.9,"B",128.803735308324
"2483",47123,"Monroe","Tennessee",73,0.397,46545,44.5,"C",156.837469115909
"2484",47125,"Montgomery","Tennessee",154,0.423,208993,62.1,"C",73.6866785011938
"2485",47127,"Moore","Tennessee",10,0.316,6488,22.5,"A",154.130702836005
"2486",47129,"Morgan","Tennessee",38,0.413,21403,53.1,"C",177.545203943372
"2487",47131,"Obion","Tennessee",62,0.325,30069,43.5,"D",206.192424091257
"2488",47133,"Overton","Tennessee",26,0.393,22241,36.4,"B",116.901218470393
"2489",47135,"Perry","Tennessee",19,0.376,8076,42.1,"C",235.264982664685
"2490",47137,"Pickett","Tennessee",11,0.416,5048,46.1,"B",217.908082408875
"2491",47139,"Polk","Tennessee",39,0.452,16832,42.4,"B",231.701520912548
"2492",47141,"Putnam","Tennessee",56,0.369,80245,52.4,"C",69.7862795189731
"2493",47143,"Rhea","Tennessee",36,0.483,33167,44.3,"D",108.541622697259
"2494",47145,"Roane","Tennessee",78,0.405,53382,45.5,"B",146.116668539957
"2495",47147,"Robertson","Tennessee",95,0.504,71813,54,"B",132.288025844903
"2496",47149,"Rutherford","Tennessee",233,0.51,332285,56.3,"B",70.120529063906
"2497",47151,"Scott","Tennessee",47,0.362,22068,37.7,"C",212.978067790466
"2498",47153,"Sequatchie","Tennessee",13,0.339,15026,35.7,"C",86.5167043790763
"2499",47155,"Sevier","Tennessee",111,0.556,98250,51.8,"C",112.977099236641
"2500",47157,"Shelby","Tennessee",874,0.653,937166,57.9,"D",93.2598920575437
"2501",47159,"Smith","Tennessee",30,0.507,20157,34.1,"B",148.83167137967
"2502",47161,"Stewart","Tennessee",26,0.521,13715,45.7,"B",189.57345971564
"2503",47163,"Sullivan","Tennessee",247,0.483,158348,58.3,"C",155.985550812135
"2504",47165,"Sumner","Tennessee",210,0.49,191283,50.1,"B",109.784978278258
"2505",47167,"Tipton","Tennessee",76,0.533,61599,41.8,"B",123.378626276401
"2506",47169,"Trousdale","Tennessee",11,0.452,11284,37.7,"B",97.483161999291
"2507",47171,"Unicoi","Tennessee",26,0.497,17883,55.7,"C",145.389476038696
"2508",47173,"Union","Tennessee",18,0.421,19972,35.8,"C",90.1261766473062
"2509",47175,"Van Buren","Tennessee",5,0.323,5872,59.7,"C",85.149863760218
"2510",47177,"Warren","Tennessee",39,0.352,41277,42.6,"D",94.4836107275238
"2511",47179,"Washington","Tennessee",134,0.48,129375,61.9,"C",103.574879227053
"2512",47181,"Wayne","Tennessee",34,0.414,16673,41.9,"C",203.92250944641
"2513",47183,"Weakley","Tennessee",71,0.292,33328,39.5,"C",213.034085453673
"2514",47185,"White","Tennessee",26,0.333,27345,43.5,"B",95.0813677089047
"2515",47187,"Williamson","Tennessee",116,0.604,238412,68.5,"A",48.6552690300824
"2516",47189,"Wilson","Tennessee",120,0.568,144657,55.3,"A",82.9548518218959
"2517",48001,"Anderson","Texas",44,0.541,57735,40.5,"D",76.2102710660778
"2518",48003,"Andrews","Texas",8,0.597,18705,45.2,"C",42.7693130179097
"2519",48005,"Angelina","Texas",70,0.536,86715,47.5,"D",80.7242114974341
"2520",48007,"Aransas","Texas",31,0.746,23510,58.1,"D",131.858783496385
"2521",48009,"Archer","Texas",8,0.676,8553,60.3,"A",93.5344323629136
"2522",48011,"Armstrong","Texas",3,0.488,1887,40.3,"A",158.982511923688
"2523",48013,"Atascosa","Texas",40,0.802,51153,53.5,"D",78.1967822024124
"2524",48015,"Austin","Texas",27,0.692,30032,48,"D",89.9041022908897
"2525",48017,"Bailey","Texas",9,0.598,7000,38.9,"D",128.571428571429
"2526",48019,"Bandera","Texas",16,0.749,23112,52.1,"C",69.2281066112842
"2527",48021,"Bastrop","Texas",58,0.729,88723,59.8,"D",65.3720004959255
"2528",48023,"Baylor","Texas",9,0.62,3509,40.9,"B",256.483328583642
"2529",48025,"Bee","Texas",20,0.753,32565,52,"D",61.4156302779057
"2530",48027,"Bell","Texas",184,0.672,362924,62.9,"D",50.699319967817
"2531",48029,"Bexar","Texas",1057,0.822,2003554,72.6,"D",52.7562521399473
"2532",48031,"Blanco","Texas",8,0.788,11931,58,"B",67.0522169139217
"2533",48033,"Borden","Texas",0,0.614,654,30.3,"B",0
"2534",48035,"Bosque","Texas",16,0.465,18685,45.5,"C",85.6301846400856
"2535",48037,"Bowie","Texas",99,0.473,93245,40.7,"D",106.171912703094
"2536",48039,"Brazoria","Texas",155,0.691,374264,60.1,"C",41.4146164204946
"2537",48041,"Brazos","Texas",62,0.537,229211,52.6,"D",27.0493126420634
"2538",48043,"Brewster","Texas",9,0.728,9203,56.6,"D",97.794197544279
"2539",48045,"Briscoe","Texas",1,0.518,1546,42.9,"C",64.6830530401035
"2540",48047,"Brooks","Texas",7,0.678,7093,95,"D",98.6888481601579
"2541",48049,"Brown","Texas",57,0.534,37864,41.9,"D",150.538770335939
"2542",48051,"Burleson","Texas",9,0.555,18443,49.8,"C",48.7990023315079
"2543",48053,"Burnet","Texas",45,0.682,48155,55.2,"C",93.4482400581456
"2544",48055,"Caldwell","Texas",27,0.751,43664,57.9,"D",61.8358373030414
"2545",48057,"Calhoun","Texas",14,0.703,21290,51.8,"C",65.7585720995773
"2546",48059,"Callahan","Texas",18,0.567,13943,42.6,"B",129.097037940185
"2547",48061,"Cameron","Texas",68,0.813,423163,81.7,"D",16.0694578684809
"2548",48063,"Camp","Texas",9,0.471,13094,41,"D",68.7337711929128
"2549",48065,"Carson","Texas",8,0.462,5926,36.1,"A",134.998312521093
"2550",48067,"Cass","Texas",45,0.441,30026,36.1,"D",149.870112569107
"2551",48069,"Castro","Texas",7,0.553,7530,44.5,"D",92.9614873837981
"2552",48071,"Chambers","Texas",36,0.6,43837,49,"B",82.1224080114971
"2553",48073,"Cherokee","Texas",50,0.475,52646,40.3,"D",94.9739771302663
"2554",48075,"Childress","Texas",11,0.334,7306,47.8,"C",150.561182589652
"2555",48077,"Clay","Texas",18,0.693,10471,45.2,"A",171.903352115366
"2556",48079,"Cochran","Texas",5,0.595,2853,39,"D",175.254118471784
"2557",48081,"Coke","Texas",2,0.572,3387,48,"B",59.0493061706525
"2558",48083,"Coleman","Texas",15,0.556,8175,36.7,"C",183.48623853211
"2559",48085,"Collin","Texas",381,0.719,1034730,69.5,"B",36.8211997332637
"2560",48087,"Collingsworth","Texas",8,0.284,2920,34.1,"D",273.972602739726
"2561",48089,"Colorado","Texas",12,0.645,21493,51.7,"C",55.8321313916159
"2562",48091,"Comal","Texas",90,0.74,156209,64.1,"B",57.6151182070175
"2563",48093,"Comanche","Texas",14,0.621,13635,46.6,"C",102.676934360103
"2564",48095,"Concho","Texas",2,0.607,2726,52.6,"B",73.3675715333822
"2565",48097,"Cooke","Texas",44,0.594,41257,38.8,"C",106.648568727731
"2566",48099,"Coryell","Texas",58,0.622,75951,49.6,"D",76.3650248186331
"2567",48101,"Cottle","Texas",0,0.423,1398,31.7,"D",0
"2568",48103,"Crane","Texas",5,0.57,4797,37.5,"C",104.231811548885
"2569",48105,"Crockett","Texas",3,0.606,3464,47.6,"C",86.6050808314088
"2570",48107,"Crosby","Texas",6,0.613,5737,43.4,"D",104.58427749695
"2571",48109,"Culberson","Texas",4,0.654,2171,52,"D",184.246890833717
"2572",48111,"Dallam","Texas",12,0.396,7287,44.6,"C",164.67682173734
"2573",48113,"Dallas","Texas",1251,0.757,2635516,62,"D",47.4669855921952
"2574",48115,"Dawson","Texas",19,0.759,12728,34.4,"D",149.277184160905
"2575",48117,"Deaf Smith","Texas",19,0.494,18546,43.9,"D",102.44796721665
"2576",48119,"Delta","Texas",5,0.507,5331,35.6,"B",93.79103357719
"2577",48121,"Denton","Texas",329,0.709,887207,62.8,"B",37.0826650375842
"2578",48123,"DeWitt","Texas",27,0.827,20160,46,"D",133.928571428571
"2579",48125,"Dickens","Texas",1,0.532,2211,32.7,"D",45.2284034373587
"2580",48127,"Dimmit","Texas",5,0.69,10124,71.1,"D",49.3875938364283
"2581",48129,"Donley","Texas",9,0.439,3278,33.7,"B",274.557657107993
"2582",48131,"Duval","Texas",12,0.691,11157,64,"D",107.555794568432
"2583",48133,"Eastland","Texas",28,0.557,18360,37.3,"D",152.505446623094
"2584",48135,"Ector","Texas",154,0.588,166223,43.9,"D",92.6466253165928
"2585",48137,"Edwards","Texas",2,0.691,1932,89.3,"C",103.51966873706
"2586",48139,"Ellis","Texas",115,0.722,184826,55.8,"C",62.2206832372069
"2587",48141,"El Paso","Texas",715,0.877,839238,85.9,"D",85.1963328638598
"2588",48143,"Erath","Texas",23,0.609,42698,38.2,"D",53.8666916483208
"2589",48145,"Falls","Texas",23,0.715,17297,46.7,"D",132.971035439672
"2590",48147,"Fannin","Texas",49,0.4,35514,45.3,"C",137.973756828293
"2591",48149,"Fayette","Texas",21,0.543,25346,49.9,"B",82.8533101870118
"2592",48151,"Fisher","Texas",12,0.51,3830,36.5,"A",313.31592689295
"2593",48153,"Floyd","Texas",9,0.629,5712,45.3,"D",157.563025210084
"2594",48155,"Foard","Texas",1,0.477,1155,41.9,"C",86.5800865800866
"2595",48157,"Fort Bend","Texas",263,0.774,811688,74.2,"B",32.4016124422192
"2596",48159,"Franklin","Texas",9,0.474,10725,36.7,"B",83.9160839160839
"2597",48161,"Freestone","Texas",14,0.632,19717,39.3,"D",71.0047167418979
"2598",48163,"Frio","Texas",17,0.71,20306,69.9,"D",83.7190978036048
"2599",48165,"Gaines","Texas",18,0.636,21492,22.2,"D",83.7520938023451
"2600",48167,"Galveston","Texas",159,0.617,342139,61.8,"C",46.4723401892213
"2601",48169,"Garza","Texas",6,0.612,6229,52.3,"C",96.3236474554503
"2602",48171,"Gillespie","Texas",33,0.592,26988,54.9,"C",122.276567363273
"2603",48173,"Glasscock","Texas",0,0.586,1409,44.6,"B",0
"2604",48175,"Goliad","Texas",5,0.737,7658,42.7,"C",65.291198746409
"2605",48177,"Gonzales","Texas",18,0.828,20837,51,"D",86.3847962758555
"2606",48179,"Gray","Texas",39,0.436,21886,41.3,"D",178.196107100429
"2607",48181,"Grayson","Texas",139,0.53,136212,46.4,"C",102.04680938537
"2608",48183,"Gregg","Texas",133,0.623,123945,46.2,"D",107.305659768446
"2609",48185,"Grimes","Texas",15,0.54,28880,54.6,"D",51.9390581717452
"2610",48187,"Guadalupe","Texas",90,0.794,166847,56.9,"C",53.9416351507669
"2611",48189,"Hale","Texas",47,0.609,33406,44,"D",140.693288630785
"2612",48191,"Hall","Texas",9,0.41,2964,43.4,"D",303.643724696356
"2613",48193,"Hamilton","Texas",7,0.493,8461,50,"C",82.7325375251152
"2614",48195,"Hansford","Texas",4,0.428,5399,42.8,"D",74.0877940359326
"2615",48197,"Hardeman","Texas",7,0.381,3933,46.7,"C",177.981184846173
"2616",48199,"Hardin","Texas",41,0.636,57602,38.3,"B",71.1780840943023
"2617",48201,"Harris","Texas",1693,0.736,4713325,65.7,"D",35.9194411588422
"2618",48203,"Harrison","Texas",107,0.599,66553,41.1,"D",160.774119874386
"2619",48205,"Hartley","Texas",17,0.434,5576,47.6,"C",304.878048780488
"2620",48207,"Haskell","Texas",3,0.439,5658,39.1,"D",53.0222693531283
"2621",48209,"Hays","Texas",137,0.855,230191,65.1,"C",59.5157934063452
"2622",48211,"Hemphill","Texas",5,0.409,3819,42,"C",130.924325739722
"2623",48213,"Henderson","Texas",109,0.56,82737,39.7,"D",131.742751127065
"2624",48215,"Hidalgo","Texas",504,0.826,868707,80,"D",58.0172601348901
"2625",48217,"Hill","Texas",28,0.599,36649,42.1,"D",76.4004474883353
"2626",48219,"Hockley","Texas",28,0.6,23021,42.8,"D",121.628078710742
"2627",48221,"Hood","Texas",74,0.61,61643,48.6,"B",120.046071735639
"2628",48223,"Hopkins","Texas",36,0.488,37084,39.9,"C",97.0769064825801
"2629",48225,"Houston","Texas",31,0.474,22968,42.2,"D",134.970393591083
"2630",48227,"Howard","Texas",39,0.596,36664,38.6,"D",106.371372463452
"2631",48229,"Hudspeth","Texas",4,0.88,4886,68.5,"D",81.8665575112566
"2632",48231,"Hunt","Texas",75,0.492,98594,43.8,"D",76.0695377000629
"2633",48233,"Hutchinson","Texas",39,0.447,20938,35.7,"B",186.264208615914
"2634",48235,"Irion","Texas",1,0.61,1536,95,"B",65.1041666666667
"2635",48237,"Jack","Texas",9,0.592,8935,41.1,"D",100.727476217124
"2636",48239,"Jackson","Texas",9,0.696,14760,45.3,"D",60.9756097560976
"2637",48241,"Jasper","Texas",41,0.712,35529,37,"D",115.398688395395
"2638",48243,"Jeff Davis","Texas",4,0.763,2274,51.5,"C",175.901495162709
"2639",48245,"Jefferson","Texas",135,0.608,251565,52.1,"D",53.6640629658339
"2640",48247,"Jim Hogg","Texas",2,0.748,5200,59,"D",38.4615384615385
"2641",48249,"Jim Wells","Texas",42,0.748,40482,55.2,"D",103.749814732474
"2642",48251,"Johnson","Texas",178,0.642,175817,47.3,"C",101.241631924103
"2643",48253,"Jones","Texas",37,0.543,20083,43.9,"C",184.235422994573
"2644",48255,"Karnes","Texas",17,0.75,15601,56.3,"D",108.967373886289
"2645",48257,"Kaufman","Texas",100,0.682,136154,54.1,"C",73.4462446935088
"2646",48259,"Kendall","Texas",29,0.705,47431,63.3,"A",61.1414475764795
"2647",48261,"Kenedy","Texas",0,0.772,404,52.7,"C",0
"2648",48263,"Kent","Texas",1,0.424,762,39.8,"A",131.233595800525
"2649",48265,"Kerr","Texas",58,0.472,52600,52.4,"D",110.266159695817
"2650",48267,"Kimble","Texas",4,0.466,4337,42.9,"C",92.2296518330643
"2651",48269,"King","Texas",0,0.397,272,21.7,"B",0
"2652",48271,"Kinney","Texas",3,0.733,3667,53.6,"C",81.8107444777747
"2653",48273,"Kleberg","Texas",20,0.726,30680,62.4,"D",65.1890482398957
"2654",48275,"Knox","Texas",4,0.502,3664,39.6,"C",109.170305676856
"2655",48277,"Lamar","Texas",53,0.478,49859,40.2,"D",106.299765338254
"2656",48279,"Lamb","Texas",28,0.597,12893,43.7,"D",217.1721088963
"2657",48281,"Lampasas","Texas",22,0.648,21428,46.6,"C",102.669404517454
"2658",48283,"La Salle","Texas",12,0.667,7520,63.7,"D",159.574468085106
"2659",48285,"Lavaca","Texas",23,0.736,20154,42.4,"C",114.121266249876
"2660",48287,"Lee","Texas",10,0.553,17239,47.4,"C",58.0080051047044
"2661",48289,"Leon","Texas",20,0.531,17404,37.2,"C",114.916111238796
"2662",48291,"Liberty","Texas",49,0.65,88219,43.5,"D",55.5435903830241
"2663",48293,"Limestone","Texas",23,0.762,23437,38.1,"D",98.135426889107
"2664",48295,"Lipscomb","Texas",7,0.415,3233,34.6,"C",216.517166718218
"2665",48297,"Live Oak","Texas",13,0.722,12207,43.5,"D",106.496272630458
"2666",48299,"Llano","Texas",17,0.615,21795,51.9,"C",77.9995411791695
"2667",48301,"Loving","Texas",1,0.543,169,18.9,"A",591.715976331361
"2668",48303,"Lubbock","Texas",275,0.61,310569,49.9,"D",88.5471505526952
"2669",48305,"Lynn","Texas",12,0.624,5951,40.1,"D",201.646782053436
"2670",48307,"McCulloch","Texas",10,0.486,7984,38.4,"D",125.250501002004
"2671",48309,"McLennan","Texas",178,0.721,256623,53,"D",69.3624499752555
"2672",48311,"McMullen","Texas",2,0.542,743,44.7,"C",269.179004037685
"2673",48313,"Madison","Texas",20,0.469,14284,41.9,"D",140.016802016242
"2674",48315,"Marion","Texas",12,0.528,9854,40.6,"C",121.777958189568
"2675",48317,"Martin","Texas",2,0.591,5771,32.5,"B",34.6560388147635
"2676",48319,"Mason","Texas",5,0.456,4274,47.4,"B",116.986429574169
"2677",48321,"Matagorda","Texas",23,0.67,36643,47.3,"D",62.7677864803646
"2678",48323,"Maverick","Texas",60,0.645,58722,95,"D",102.176356391131
"2679",48325,"Medina","Texas",38,0.753,51584,56.7,"C",73.666253101737
"2680",48327,"Menard","Texas",1,0.562,2138,52.9,"D",46.7726847521048
"2681",48329,"Midland","Texas",108,0.588,176832,44.1,"C",61.0749185667752
"2682",48331,"Milam","Texas",16,0.679,24823,45.7,"D",64.456350964831
"2683",48333,"Mills","Texas",11,0.518,4873,43.6,"C",225.733634311512
"2684",48335,"Mitchell","Texas",7,0.489,8545,36.3,"C",81.9192510239906
"2685",48337,"Montague","Texas",34,0.529,19818,35.5,"C",171.56120698355
"2686",48339,"Montgomery","Texas",217,0.69,607391,57.1,"C",35.7265748093074
"2687",48341,"Moore","Texas",22,0.441,20940,47.7,"D",105.062082139446
"2688",48343,"Morris","Texas",17,0.46,12388,43.7,"D",137.22957701001
"2689",48345,"Motley","Texas",5,0.591,1200,28.3,"B",416.666666666667
"2690",48347,"Nacogdoches","Texas",31,0.528,65204,46.6,"D",47.5430955156125
"2691",48349,"Navarro","Texas",48,0.639,50113,46,"D",95.7835292239539
"2692",48351,"Newton","Texas",23,0.631,13595,25.2,"D",169.179845531445
"2693",48353,"Nolan","Texas",19,0.544,14714,42.1,"D",129.128720946038
"2694",48355,"Nueces","Texas",269,0.835,362294,58.7,"D",74.2490905176459
"2695",48357,"Ochiltree","Texas",15,0.439,9836,38.9,"D",152.501016673444
"2696",48359,"Oldham","Texas",0,0.464,2112,35.7,"A",0
"2697",48361,"Orange","Texas",67,0.618,83396,37,"C",80.3395846323565
"2698",48363,"Palo Pinto","Texas",27,0.74,29189,37.6,"D",92.5005995409229
"2699",48365,"Panola","Texas",31,0.448,23194,38.2,"C",133.65525566957
"2700",48367,"Parker","Texas",156,0.671,142878,47.3,"B",109.184059127367
"2701",48369,"Parmer","Texas",9,0.521,9605,40.9,"C",93.7011972930765
"2702",48371,"Pecos","Texas",14,0.551,15823,58.7,"D",88.478796688365
"2703",48373,"Polk","Texas",49,0.689,51353,50,"D",95.4179892119253
"2704",48375,"Potter","Texas",149,0.485,117415,47.5,"D",126.900310863178
"2705",48377,"Presidio","Texas",12,0.789,6704,95,"D",178.997613365155
"2706",48379,"Rains","Texas",17,0.512,12514,37.2,"B",135.847850407544
"2707",48381,"Randall","Texas",124,0.491,137713,47.6,"B",90.0423344201346
"2708",48383,"Reagan","Texas",6,0.58,3849,39.6,"B",155.884645362432
"2709",48385,"Real","Texas",8,0.554,3452,51,"D",231.749710312862
"2710",48387,"Red River","Texas",14,0.452,12023,41.8,"C",116.44348332363
"2711",48389,"Reeves","Texas",16,0.6,15976,89.3,"D",100.150225338007
"2712",48391,"Refugio","Texas",9,0.678,6948,54,"D",129.533678756477
"2713",48393,"Roberts","Texas",1,0.427,854,31.4,"A",117.096018735363
"2714",48395,"Robertson","Texas",15,0.555,17074,45,"D",87.8528757174652
"2715",48397,"Rockwall","Texas",46,0.645,104915,60.4,"A",43.8450173950341
"2716",48399,"Runnels","Texas",14,0.596,10264,44.4,"C",136.399064692128
"2717",48401,"Rusk","Texas",84,0.491,54406,39.8,"D",154.39473587472
"2718",48403,"Sabine","Texas",14,0.596,10542,37,"C",132.802124833997
"2719",48405,"San Augustine","Texas",9,0.58,8237,40.5,"D",109.26308121889
"2720",48407,"San Jacinto","Texas",47,0.733,28859,34.7,"C",162.860805987733
"2721",48409,"San Patricio","Texas",58,0.838,66730,56.8,"D",86.9174284429792
"2722",48411,"San Saba","Texas",10,0.519,6055,41.3,"D",165.152766308836
"2723",48413,"Schleicher","Texas",0,0.644,2793,42.2,"C",0
"2724",48415,"Scurry","Texas",15,0.463,16703,47.1,"D",89.8042267856074
"2725",48417,"Shackelford","Texas",4,0.518,3265,37.1,"C",122.511485451761
"2726",48419,"Shelby","Texas",23,0.453,25274,36.6,"D",91.0026113792831
"2727",48421,"Sherman","Texas",3,0.406,3022,34.8,"B",99.2720052945069
"2728",48423,"Smith","Texas",161,0.529,232751,47.1,"D",69.1726351336836
"2729",48425,"Somervell","Texas",13,0.477,9128,45.7,"C",142.418930762489
"2730",48427,"Starr","Texas",45,0.831,64633,95,"D",69.6238763479956
"2731",48429,"Stephens","Texas",17,0.445,9366,37.2,"D",181.50758061072
"2732",48431,"Sterling","Texas",4,0.572,1291,38.9,"B",309.837335398916
"2733",48433,"Stonewall","Texas",1,0.449,1350,41.3,"B",74.0740740740741
"2734",48435,"Sutton","Texas",3,0.659,3776,44.3,"C",79.4491525423729
"2735",48437,"Swisher","Texas",9,0.532,7397,41.1,"D",121.670947681493
"2736",48439,"Tarrant","Texas",1189,0.722,2102515,58,"C",56.551320680233
"2737",48441,"Taylor","Texas",139,0.575,138034,51.5,"D",100.699827578713
"2738",48443,"Terrell","Texas",0,0.597,776,52.8,"A",0
"2739",48445,"Terry","Texas",12,0.613,12337,42.3,"D",97.2683796709087
"2740",48447,"Throckmorton","Texas",3,0.501,1501,40.7,"B",199.866755496336
"2741",48449,"Titus","Texas",40,0.409,32750,40.3,"D",122.137404580153
"2742",48451,"Tom Green","Texas",168,0.613,119200,51.1,"D",140.939597315436
"2743",48453,"Travis","Texas",314,0.795,1273954,72.3,"C",24.6476717369701
"2744",48455,"Trinity","Texas",12,0.625,14651,39.4,"D",81.9056719677838
"2745",48457,"Tyler","Texas",20,0.703,21672,36.9,"D",92.2849760059062
"2746",48459,"Upshur","Texas",60,0.59,41753,34.8,"C",143.702248940196
"2747",48461,"Upton","Texas",3,0.567,3657,40.3,"C",82.0344544708778
"2748",48463,"Uvalde","Texas",27,0.747,26741,55.7,"D",100.968550166411
"2749",48465,"Val Verde","Texas",50,0.784,49025,71.2,"D",101.988781234064
"2750",48467,"Van Zandt","Texas",80,0.407,56590,38.1,"C",141.367732814985
"2751",48469,"Victoria","Texas",67,0.757,92084,49.6,"D",72.7596542287477
"2752",48471,"Walker","Texas",36,0.655,72971,49,"D",49.3346671965575
"2753",48473,"Waller","Texas",38,0.618,55246,42.3,"D",68.7832603265395
"2754",48475,"Ward","Texas",14,0.577,11998,35.9,"C",116.686114352392
"2755",48477,"Washington","Texas",25,0.534,35882,51.3,"D",69.6728164539323
"2756",48479,"Webb","Texas",98,0.767,276652,95,"D",35.4235646227029
"2757",48481,"Wharton","Texas",33,0.625,41556,50.9,"D",79.4109153912792
"2758",48483,"Wheeler","Texas",10,0.346,5056,42.1,"D",197.784810126582
"2759",48485,"Wichita","Texas",175,0.692,132230,53.3,"D",132.345156167284
"2760",48487,"Wilbarger","Texas",18,0.535,12769,53,"D",140.966403007283
"2761",48489,"Willacy","Texas",23,0.82,21358,68.4,"D",107.687985766458
"2762",48491,"Williamson","Texas",258,0.708,590551,71.3,"B",43.6880133976574
"2763",48493,"Wilson","Texas",29,0.716,51070,53.7,"B",56.7848051693754
"2764",48495,"Winkler","Texas",4,0.581,8010,39.3,"C",49.9375780274657
"2765",48497,"Wise","Texas",78,0.649,69984,39.7,"C",111.454046639232
"2766",48499,"Wood","Texas",61,0.526,45539,43.8,"C",133.95111882123
"2767",48501,"Yoakum","Texas",7,0.561,8713,40.8,"B",80.3397222541031
"2768",48503,"Young","Texas",24,0.645,18010,41.4,"C",133.259300388673
"2769",48505,"Zapata","Texas",10,0.779,14179,61.1,"D",70.5268354608929
"2770",48507,"Zavala","Texas",14,0.635,11840,52.7,"D",118.243243243243
"2771",48999,"Pending County Assignment","Texas",0,NA,NA,NA,NA,NA
"2772",49001,"Beaver","Utah",3,0.32,6710,49.6,"A",44.7093889716841
"2773",49003,"Box Elder","Utah",33,0.419,56046,53.5,"A",58.8802055454448
"2774",49005,"Cache","Utah",38,0.411,128289,60.5,"B",29.620622188964
"2775",49007,"Carbon","Utah",14,0.353,20463,51.2,"C",68.4161657625959
"2776",49009,"Daggett","Utah",0,0.181,950,72.8,"A",0
"2777",49011,"Davis","Utah",135,0.518,355481,69.6,"A",37.9767132420579
"2778",49013,"Duchesne","Utah",11,0.188,19938,47.4,"C",55.1710301936002
"2779",49015,"Emery","Utah",8,0.424,10012,47.3,"A",79.9041150619257
"2780",49017,"Garfield","Utah",5,0.386,5051,58.9,"B",98.9902989507028
"2781",49019,"Grand","Utah",0,0.558,9754,70.5,"C",0
"2782",49021,"Iron","Utah",24,0.417,54839,47.8,"B",43.7644741880778
"2783",49023,"Juab","Utah",7,0.369,12017,39.1,"A",58.2508113505867
"2784",49025,"Kane","Utah",4,0.445,7886,52.9,"B",50.7227998985544
"2785",49027,"Millard","Utah",9,0.286,13188,47.2,"B",68.2438580527753
"2786",49029,"Morgan","Utah",2,0.33,12124,56.2,"A",16.4962058726493
"2787",49031,"Piute","Utah",5,0.276,1479,40.4,"B",338.066260987153
"2788",49033,"Rich","Utah",0,0.421,2483,54.9,"A",0
"2789",49035,"Salt Lake","Utah",473,0.644,1160437,72.9,"B",40.7605066022542
"2790",49037,"San Juan","Utah",32,0.644,15308,67.8,"D",209.041024301019
"2791",49039,"Sanpete","Utah",15,0.473,30939,42.8,"B",48.4824978182876
"2792",49041,"Sevier","Utah",12,0.282,21620,45.9,"B",55.5041628122109
"2793",49043,"Summit","Utah",8,0.651,42145,92.9,"A",18.9820856566615
"2794",49045,"Tooele","Utah",30,0.532,72259,61.7,"B",41.5173196418439
"2795",49047,"Uintah","Utah",26,0.175,35734,45.2,"C",72.7598365702132
"2796",49049,"Utah","Utah",212,0.458,636235,60.4,"B",33.3210213207384
"2797",49051,"Wasatch","Utah",8,0.588,34091,62.9,"A",23.4666040890558
"2798",49053,"Washington","Utah",150,0.518,177556,54.2,"B",84.4803892856338
"2799",49055,"Wayne","Utah",0,0.42,2711,56.5,"B",0
"2800",49057,"Weber","Utah",113,0.486,260213,63.3,"B",43.4259625768121
"2801",50001,"Addison","Vermont",18,0.702,36777,75.1,"A",48.9436332490415
"2802",50003,"Bennington","Vermont",40,0.77,35470,45.6,"B",112.771356075557
"2803",50005,"Caledonia","Vermont",15,0.57,29993,38.7,"B",50.0116693895242
"2804",50007,"Chittenden","Vermont",62,0.718,163774,78.8,"A",37.8570469061023
"2805",50009,"Essex","Vermont",1,0.631,6163,39.7,"B",16.2258640272595
"2806",50011,"Franklin","Vermont",19,0.71,49402,38.5,"A",38.4599813772722
"2807",50013,"Grand Isle","Vermont",8,0.729,7235,85.9,"A",110.573600552868
"2808",50015,"Lamoille","Vermont",11,0.59,25362,66.5,"A",43.3719738190994
"2809",50017,"Orange","Vermont",10,0.696,28892,56.1,"A",34.611657206147
"2810",50019,"Orleans","Vermont",14,0.546,27037,61,"B",51.7808928505382
"2811",50021,"Rutland","Vermont",47,0.639,58191,72.5,"B",80.7685037205066
"2812",50023,"Washington","Vermont",35,0.604,58409,49.8,"A",59.9222722525638
"2813",50025,"Windham","Vermont",17,0.708,42222,71.9,"B",40.2633698072095
"2814",50027,"Windsor","Vermont",20,0.627,55062,52.2,"A",36.3226907849334
"2815",51001,"Accomack","Virginia",32,0.824,32316,76.6,"D",99.0221562074514
"2816",51003,"Albemarle","Virginia",82,0.81,109330,67.7,"A",75.002286655081
"2817",51005,"Alleghany","Virginia",22,0.525,14860,39.9,"B",148.048452220727
"2818",51007,"Amelia","Virginia",19,0.672,13145,34.1,"B",144.541650817801
"2819",51009,"Amherst","Virginia",42,0.625,31605,47.6,"B",132.890365448505
"2820",51011,"Appomattox","Virginia",21,0.61,15911,32.5,"A",131.984161900572
"2821",51013,"Arlington","Virginia",79,0.75,236842,76.1,"A",33.3555703802535
"2822",51015,"Augusta","Virginia",92,0.701,75558,49.9,"A",121.760766563435
"2823",51017,"Bath","Virginia",7,0.57,4147,44.1,"B",168.796720520858
"2824",51019,"Bedford","Virginia",98,0.495,78997,45.7,"A",124.055343873818
"2825",51021,"Bland","Virginia",8,0.44,6280,40.5,"A",127.388535031847
"2826",51023,"Botetourt","Virginia",46,0.551,33419,50.8,"A",137.646249139711
"2827",51025,"Brunswick","Virginia",17,0.688,16231,55.7,"D",104.737847329185
"2828",51027,"Buchanan","Virginia",51,0.463,21004,48.8,"C",242.810893163207
"2829",51029,"Buckingham","Virginia",20,0.714,17148,39.8,"D",116.631677163518
"2830",51031,"Campbell","Virginia",76,0.585,54885,40.4,"B",138.471349184659
"2831",51033,"Caroline","Virginia",37,0.75,30725,43.5,"B",120.423108218063
"2832",51035,"Carroll","Virginia",49,0.496,29791,33.9,"B",164.479205129066
"2833",51036,"Charles City","Virginia",9,0.683,6963,82.3,"B",129.2546316243
"2834",51037,"Charlotte","Virginia",30,0.61,11880,38.8,"D",252.525252525253
"2835",51041,"Chesterfield","Virginia",253,0.649,352802,58.3,"B",71.7116116121791
"2836",51043,"Clarke","Virginia",22,0.74,14619,66.8,"A",150.489089541008
"2837",51045,"Craig","Virginia",14,0.632,5131,33.3,"A",272.851296043656
"2838",51047,"Culpeper","Virginia",76,0.653,52605,49.6,"B",144.472958844216
"2839",51049,"Cumberland","Virginia",10,0.699,9932,37.2,"B",100.684655658478
"2840",51051,"Dickenson","Virginia",27,0.528,14318,48.8,"C",188.573823159659
"2841",51053,"Dinwiddie","Virginia",44,0.664,28544,48.9,"B",154.14798206278
"2842",51057,"Essex","Virginia",20,0.563,10953,46.5,"D",182.598374874464
"2843",51059,"Fairfax","Virginia",445,0.748,1147532,81.4,"B",38.7788750117644
"2844",51061,"Fauquier","Virginia",65,0.772,71222,66.8,"A",91.2639353008902
"2845",51063,"Floyd","Virginia",20,0.51,15749,38.5,"A",126.992189980316
"2846",51065,"Fluvanna","Virginia",20,0.772,27270,64.9,"A",73.3406674000733
"2847",51067,"Franklin","Virginia",86,0.57,56042,44.7,"B",153.456336319189
"2848",51069,"Frederick","Virginia",93,0.614,89313,49.5,"A",104.128178428672
"2849",51071,"Giles","Virginia",16,0.567,16720,46.1,"A",95.6937799043062
"2850",51073,"Gloucester","Virginia",35,0.724,37348,64.6,"A",93.713184106244
"2851",51075,"Goochland","Virginia",27,0.761,23753,67.5,"A",113.669852229192
"2852",51077,"Grayson","Virginia",31,0.527,15550,42.3,"C",199.35691318328
"2853",51079,"Greene","Virginia",17,0.747,19819,46.1,"B",85.7762752913871
"2854",51081,"Greensville","Virginia",15,0.681,11336,38.3,"D",132.321806633733
"2855",51083,"Halifax","Virginia",55,0.643,33911,44.4,"C",162.189260122084
"2856",51085,"Hanover","Virginia",128,0.568,107766,60.2,"A",118.775866228681
"2857",51087,"Henrico","Virginia",296,0.662,330818,56.2,"B",89.4751797060619
"2858",51089,"Henry","Virginia",99,0.566,50557,40,"D",195.818581007576
"2859",51091,"Highland","Virginia",3,0.599,2190,62,"A",136.986301369863
"2860",51093,"Isle of Wight","Virginia",33,0.569,37109,53,"B",88.9272144223773
"2861",51095,"James City","Virginia",41,0.75,76523,57.3,"A",53.578662624309
"2862",51097,"King and Queen","Virginia",7,0.612,7025,52.5,"A",99.644128113879
"2863",51099,"King George","Virginia",25,0.666,26836,41.8,"A",93.1584438813534
"2864",51101,"King William","Virginia",24,0.546,17148,53.1,"A",139.958012596221
"2865",51103,"Lancaster","Virginia",16,0.678,10603,61.8,"B",150.900688484391
"2866",51105,"Lee","Virginia",51,0.582,23423,52.2,"D",217.734705204286
"2867",51107,"Loudoun","Virginia",114,0.763,413538,76.6,"A",27.5669950524498
"2868",51109,"Louisa","Virginia",44,0.748,37591,41.7,"B",117.049293713921
"2869",51111,"Lunenburg","Virginia",22,0.649,12196,51.3,"D",180.387012135126
"2870",51113,"Madison","Virginia",22,0.668,13261,57.4,"A",165.900007540909
"2871",51115,"Mathews","Virginia",4,0.76,8834,63.2,"A",45.2796015395065
"2872",51117,"Mecklenburg","Virginia",45,0.648,30587,43.3,"C",147.121326053552
"2873",51119,"Middlesex","Virginia",18,0.654,10582,65,"B",170.10017010017
"2874",51121,"Montgomery","Virginia",59,0.64,98535,47.9,"B",59.8772009945705
"2875",51125,"Nelson","Virginia",22,0.701,14930,57.7,"A",147.35432016075
"2876",51127,"New Kent","Virginia",14,0.708,23091,52.8,"A",60.6296825603049
"2877",51131,"Northampton","Virginia",25,0.761,11710,73.4,"D",213.492741246798
"2878",51133,"Northumberland","Virginia",7,0.71,12095,54.9,"A",57.8751550227367
"2879",51135,"Nottoway","Virginia",30,0.661,15232,43.5,"D",196.953781512605
"2880",51137,"Orange","Virginia",35,0.643,37051,44.6,"B",94.4643869261289
"2881",51139,"Page","Virginia",35,0.52,23902,38.6,"B",146.431260982345
"2882",51141,"Patrick","Virginia",35,0.491,17608,41.3,"B",198.773284870513
"2883",51143,"Pittsylvania","Virginia",90,0.567,60354,42.5,"C",149.120190873844
"2884",51145,"Powhatan","Virginia",37,0.66,29652,38.8,"A",124.78079050317
"2885",51147,"Prince Edward","Virginia",30,0.64,22802,30.9,"D",131.567406367862
"2886",51149,"Prince George","Virginia",33,0.619,38353,54.3,"B",86.0428128177718
"2887",51153,"Prince William","Virginia",188,0.761,470335,76.2,"B",39.9715096686404
"2888",51155,"Pulaski","Virginia",52,0.523,34027,44.5,"B",152.819819555059
"2889",51157,"Rappahannock","Virginia",11,0.717,7370,54.4,"A",149.253731343284
"2890",51159,"Richmond","Virginia",12,0.64,9023,42.3,"C",132.993461154827
"2891",51161,"Roanoke","Virginia",116,0.607,94186,50,"A",123.160554647187
"2892",51163,"Rockbridge","Virginia",31,0.675,22573,46.7,"A",137.332211048598
"2893",51165,"Rockingham","Virginia",108,0.553,81948,43.8,"B",131.790891785034
"2894",51167,"Russell","Virginia",50,0.329,26586,47.9,"B",188.068908448055
"2895",51169,"Scott","Virginia",34,0.523,21566,58.2,"B",157.655568951127
"2896",51171,"Shenandoah","Virginia",65,0.514,43616,50.8,"B",149.027879677183
"2897",51173,"Smyth","Virginia",56,0.415,30104,49.9,"D",186.021791124103
"2898",51175,"Southampton","Virginia",28,0.69,17631,37.7,"B",158.811184844875
"2899",51177,"Spotsylvania","Virginia",147,0.785,136215,45.3,"B",107.917630216936
"2900",51179,"Stafford","Virginia",77,0.728,152882,61.3,"A",50.3656414751246
"2901",51181,"Surry","Virginia",10,0.721,6422,56.7,"C",155.714730613516
"2902",51183,"Sussex","Virginia",18,0.698,11159,36.5,"D",161.304776413657
"2903",51185,"Tazewell","Virginia",85,0.41,40595,45.9,"C",209.385392289691
"2904",51187,"Warren","Virginia",71,0.669,40164,37.6,"B",176.775221591475
"2905",51191,"Washington","Virginia",62,0.368,53740,59.4,"B",115.370301451433
"2906",51193,"Westmoreland","Virginia",19,0.631,18015,45.9,"C",105.467665834027
"2907",51195,"Wise","Virginia",77,0.643,37383,50.1,"D",205.975978385897
"2908",51197,"Wythe","Virginia",48,0.447,28684,40.3,"B",167.340677729745
"2909",51199,"York","Virginia",40,0.786,68280,69.7,"A",58.5823081429408
"2910",51510,"Alexandria city","Virginia",58,0.712,159428,67.5,"B",36.3800587098878
"2911",51520,"Bristol city","Virginia",42,0.352,16762,70.9,"D",250.56675814342
"2912",51530,"Buena Vista city","Virginia",13,0.639,6478,37.1,"C",200.679221982093
"2913",51540,"Charlottesville city","Virginia",23,0.833,47266,52.3,"C",48.6607709558668
"2914",51550,"Chesapeake city","Virginia",167,0.68,244835,54,"B",68.2092021157106
"2915",51570,"Colonial Heights city","Virginia",39,0.608,17370,36.1,"C",224.525043177893
"2916",51580,"Covington city","Virginia",16,0.478,5538,34,"A",288.912964969303
"2917",51590,"Danville city","Virginia",81,0.534,40044,34,"D",202.277494755769
"2918",51595,"Emporia city","Virginia",10,0.687,5346,33.2,"D",187.055742611298
"2919",51600,"Fairfax city","Virginia",15,0.712,24019,69.7,"B",62.4505599733544
"2920",51610,"Falls Church city","Virginia",13,0.765,14617,56.9,"A",88.9375384825888
"2921",51620,"Franklin city","Virginia",15,0.656,7967,38.5,"D",188.276641144722
"2922",51630,"Fredericksburg city","Virginia",15,0.784,29036,41,"C",51.6600082656013
"2923",51640,"Galax city","Virginia",14,0.551,6347,37.6,"D",220.576650386009
"2924",51650,"Hampton city","Virginia",110,0.771,134510,63.3,"C",81.7783064456174
"2925",51660,"Harrisonburg city","Virginia",58,0.571,53016,38.1,"D",109.400935566621
"2926",51670,"Hopewell city","Virginia",26,0.588,22529,31.8,"D",115.406809001731
"2927",51678,"Lexington city","Virginia",6,0.663,7446,39.5,"A",80.58017727639
"2928",51680,"Lynchburg city","Virginia",87,0.603,82168,30.7,"D",105.880634797001
"2929",51683,"Manassas city","Virginia",41,0.742,41085,48.8,"C",99.7931118413046
"2930",51685,"Manassas Park city","Virginia",12,0.72,17478,44.2,"C",68.6577411603158
"2931",51690,"Martinsville city","Virginia",29,0.564,12554,39.5,"D",231.002071053051
"2932",51700,"Newport News city","Virginia",123,0.772,179225,53.6,"D",68.6288185242014
"2933",51710,"Norfolk city","Virginia",147,0.664,242742,72,"D",60.5581234397014
"2934",51720,"Norton city","Virginia",3,0.687,3981,32.7,"C",75.3579502637528
"2935",51730,"Petersburg city","Virginia",41,0.64,31346,35.2,"D",130.798187966567
"2936",51735,"Poquoson city","Virginia",8,0.69,12271,43.7,"A",65.1943606878005
"2937",51740,"Portsmouth city","Virginia",100,0.634,94398,51.4,"D",105.934447763724
"2938",51750,"Radford city","Virginia",16,0.593,18249,35.1,"B",87.6760370431256
"2939",51760,"Richmond city","Virginia",164,0.541,230436,43.5,"D",71.169435331285
"2940",51770,"Roanoke city","Virginia",148,0.58,99143,41.8,"D",149.279323805009
"2941",51775,"Salem city","Virginia",28,0.63,25301,46.7,"B",110.667562546935
"2942",51790,"Staunton city","Virginia",45,0.718,24932,47.1,"C",180.490935344136
"2943",51800,"Suffolk city","Virginia",76,0.565,92108,55.1,"B",82.5118339340774
"2944",51810,"Virginia Beach city","Virginia",314,0.678,449974,64.6,"B",69.7818096156667
"2945",51820,"Waynesboro city","Virginia",30,0.71,22630,43.5,"C",132.567388422448
"2946",51830,"Williamsburg city","Virginia",11,0.737,14954,39.9,"B",73.5589140029424
"2947",51840,"Winchester city","Virginia",37,0.611,28078,43.3,"D",131.775767504808
"2948",53001,"Adams","Washington",10,0.724,19983,62.2,"D",50.0425361557324
"2949",53003,"Asotin","Washington",29,0.522,22582,44.2,"B",128.420866176601
"2950",53005,"Benton","Washington",125,0.761,204390,58.9,"C",61.15759088018
"2951",53007,"Chelan","Washington",58,0.564,77200,72.7,"D",75.1295336787565
"2952",53009,"Clallam","Washington",108,0.746,77331,70.9,"C",139.659386274586
"2953",53011,"Clark","Washington",384,0.741,488241,68.3,"B",78.6496832506897
"2954",53013,"Columbia","Washington",9,0.586,3985,47.6,"B",225.846925972396
"2955",53015,"Cowlitz","Washington",113,0.625,110593,61.3,"C",102.176448780664
"2956",53017,"Douglas","Washington",30,0.573,43429,63.4,"D",69.0782656750098
"2957",53019,"Ferry","Washington",14,0.565,7627,58.7,"D",183.558410908614
"2958",53021,"Franklin","Washington",43,0.753,95222,55.1,"D",45.1576316397471
"2959",53023,"Garfield","Washington",0,0.563,2225,40.7,"A",0
"2960",53025,"Grant","Washington",56,0.661,97733,58.8,"D",57.2989675953874
"2961",53027,"Grays Harbor","Washington",89,0.662,75061,63.5,"D",118.570229546635
"2962",53029,"Island","Washington",55,0.759,85141,79.3,"B",64.5987244688223
"2963",53031,"Jefferson","Washington",14,0.754,32221,80,"B",43.4499239626331
"2964",53033,"King","Washington",1206,0.724,2252782,85.6,"B",53.5338084199891
"2965",53035,"Kitsap","Washington",141,0.786,271473,74.2,"B",51.9388668486369
"2966",53037,"Kittitas","Washington",34,0.672,47935,56.2,"B",70.9293835402107
"2967",53039,"Klickitat","Washington",25,0.532,22425,49.1,"C",111.482720178372
"2968",53041,"Lewis","Washington",100,0.616,80707,53.4,"D",123.904989653933
"2969",53043,"Lincoln","Washington",3,0.765,10939,60.1,"A",27.4248103117287
"2970",53045,"Mason","Washington",81,0.721,66768,63.7,"C",121.315600287563
"2971",53047,"Okanogan","Washington",33,0.617,42243,69.4,"D",78.1194517434841
"2972",53049,"Pacific","Washington",34,0.712,22471,62.2,"C",151.30612789818
"2973",53051,"Pend Oreille","Washington",17,0.587,13724,42.8,"B",123.870591664238
"2974",53053,"Pierce","Washington",551,0.606,904980,69.3,"C",60.885323432562
"2975",53055,"San Juan","Washington",3,0.73,17582,85.7,"A",17.0629052439995
"2976",53057,"Skagit","Washington",101,0.653,129205,69.7,"C",78.1703494446809
"2977",53059,"Skamania","Washington",8,0.76,12083,40.3,"B",66.2087229992551
"2978",53061,"Snohomish","Washington",537,0.721,822083,73.8,"B",65.3218713925479
"2979",53063,"Spokane","Washington",463,0.679,522798,64.3,"C",88.5619302292664
"2980",53065,"Stevens","Washington",49,0.585,45723,40.8,"B",107.167071277038
"2981",53067,"Thurston","Washington",226,0.685,290536,73.2,"B",77.787262163725
"2982",53069,"Wahkiakum","Washington",6,0.658,4488,51,"A",133.689839572193
"2983",53071,"Walla Walla","Washington",54,0.641,60760,66,"D",88.8742593811718
"2984",53073,"Whatcom","Washington",152,0.747,229247,75.1,"C",66.3040301508853
"2985",53075,"Whitman","Washington",15,0.629,50104,50.5,"C",29.937729522593
"2986",53077,"Yakima","Washington",191,0.74,250873,65.2,"D",76.1341395845707
"2987",54001,"Barbour","West Virginia",23,0.519,16441,51.7,"B",139.894167021471
"2988",54003,"Berkeley","West Virginia",132,0.524,119171,57.9,"B",110.765202943669
"2989",54005,"Boone","West Virginia",38,0.475,21457,48.7,"B",177.098382812136
"2990",54007,"Braxton","West Virginia",21,0.398,13957,46.1,"B",150.462133696353
"2991",54009,"Brooke","West Virginia",32,0.436,21939,52.2,"B",145.858972605862
"2992",54011,"Cabell","West Virginia",127,0.476,91945,62.5,"C",138.126053619011
"2993",54013,"Calhoun","West Virginia",6,0.408,7109,35.8,"B",84.4000562667042
"2994",54015,"Clay","West Virginia",27,0.491,8508,57.4,"C",317.348377997179
"2995",54017,"Doddridge","West Virginia",6,0.42,8448,61.4,"B",71.0227272727273
"2996",54019,"Fayette","West Virginia",71,0.409,42406,57.7,"C",167.429137386219
"2997",54021,"Gilmer","West Virginia",8,0.403,7823,62.5,"B",102.262559120542
"2998",54023,"Grant","West Virginia",17,0.407,11568,46.8,"B",146.957123098202
"2999",54025,"Greenbrier","West Virginia",56,0.554,34662,56.7,"C",161.560210028273
"3000",54027,"Hampshire","West Virginia",34,0.619,23175,48.5,"B",146.709816612729
"3001",54029,"Hancock","West Virginia",47,0.459,28810,69.2,"B",163.137799375217
"3002",54031,"Hardy","West Virginia",15,0.476,13776,58.4,"B",108.885017421603
"3003",54033,"Harrison","West Virginia",77,0.457,67256,53.9,"B",114.487926727727
"3004",54035,"Jackson","West Virginia",38,0.522,28576,53.7,"A",132.978723404255
"3005",54037,"Jefferson","West Virginia",54,0.552,57146,67.1,"A",94.4948027858468
"3006",54039,"Kanawha","West Virginia",266,0.605,178124,67.6,"C",149.334171700613
"3007",54041,"Lewis","West Virginia",30,0.454,15907,59.5,"B",188.596215502609
"3008",54043,"Lincoln","West Virginia",36,0.501,20409,51.9,"B",176.392767896516
"3009",54045,"Logan","West Virginia",47,0.445,32019,57.5,"C",146.787844717199
"3010",54047,"McDowell","West Virginia",40,0.42,17624,53.8,"D",226.963231956423
"3011",54049,"Marion","West Virginia",60,0.479,56072,58.9,"B",107.005278927094
"3012",54051,"Marshall","West Virginia",33,0.497,30531,46.3,"A",108.086862533163
"3013",54053,"Mason","West Virginia",37,0.481,26516,52,"A",139.538391914316
"3014",54055,"Mercer","West Virginia",82,0.495,58758,56.3,"D",139.555464787774
"3015",54057,"Mineral","West Virginia",35,0.674,26868,53.9,"B",130.266488015483
"3016",54059,"Mingo","West Virginia",48,0.558,23424,42.1,"C",204.918032786885
"3017",54061,"Monongalia","West Virginia",53,0.517,105612,61.5,"B",50.1836912472068
"3018",54063,"Monroe","West Virginia",26,0.634,13275,50.3,"B",195.856873822976
"3019",54065,"Morgan","West Virginia",27,0.463,17884,41.5,"A",150.972936703198
"3020",54067,"Nicholas","West Virginia",35,0.542,24496,54.2,"B",142.880470280862
"3021",54069,"Ohio","West Virginia",64,0.49,41411,68.6,"B",154.548308420468
"3022",54071,"Pendleton","West Virginia",7,0.456,6969,60.8,"A",100.444827091405
"3023",54073,"Pleasants","West Virginia",7,0.346,7460,54.3,"B",93.8337801608579
"3024",54075,"Pocahontas","West Virginia",12,0.499,8247,54.2,"C",145.507457257184
"3025",54077,"Preston","West Virginia",29,0.58,33432,58.9,"B",86.7432400095717
"3026",54079,"Putnam","West Virginia",62,0.593,56450,60.1,"A",109.831709477414
"3027",54081,"Raleigh","West Virginia",177,0.426,73361,55.3,"C",241.272610787748
"3028",54083,"Randolph","West Virginia",35,0.447,28695,56.6,"B",121.972469071267
"3029",54085,"Ritchie","West Virginia",8,0.356,9554,51,"A",83.7345614402345
"3030",54087,"Roane","West Virginia",19,0.493,13688,49.1,"C",138.807714786674
"3031",54089,"Summers","West Virginia",25,0.567,12573,64.9,"C",198.838781515947
"3032",54091,"Taylor","West Virginia",31,0.517,16695,48.6,"B",185.684336627733
"3033",54093,"Tucker","West Virginia",7,0.465,6839,62.9,"A",102.354145342886
"3034",54095,"Tyler","West Virginia",8,0.452,8591,43.2,"A",93.1207077173787
"3035",54097,"Upshur","West Virginia",29,0.475,24176,51.6,"C",119.953673064196
"3036",54099,"Wayne","West Virginia",60,0.423,39402,56.4,"B",152.276534186082
"3037",54101,"Webster","West Virginia",10,0.479,8114,48.9,"C",123.243776189302
"3038",54103,"Wetzel","West Virginia",27,0.521,15065,58.4,"B",179.223365416528
"3039",54105,"Wirt","West Virginia",8,0.389,5821,49.8,"B",137.433430682013
"3040",54107,"Wood","West Virginia",95,0.381,83518,61.8,"B",113.747934576977
"3041",54109,"Wyoming","West Virginia",58,0.408,20394,53.4,"B",284.397371776013
"3042",55001,"Adams","Wisconsin",29,0.208,20220,58.8,"C",143.422354104847
"3043",55003,"Ashland","Wisconsin",16,0.403,15562,75.4,"C",102.814548258579
"3044",55005,"Barron","Wisconsin",36,0.37,45244,55.2,"B",79.5685615772257
"3045",55007,"Bayfield","Wisconsin",11,0.395,15036,86.4,"A",73.1577547220005
"3046",55009,"Brown","Wisconsin",234,0.486,264542,67.6,"B",88.4547633268063
"3047",55011,"Buffalo","Wisconsin",13,0.414,13031,52,"A",99.7621057478321
"3048",55013,"Burnett","Wisconsin",24,0.422,15414,60.3,"A",155.702608018684
"3049",55015,"Calumet","Wisconsin",38,0.365,50089,58,"A",75.8649603705404
"3050",55017,"Chippewa","Wisconsin",66,0.414,64658,58.8,"A",102.075535896563
"3051",55019,"Clark","Wisconsin",23,0.384,34774,38.8,"C",66.1413699890723
"3052",55021,"Columbia","Wisconsin",43,0.589,57532,69.1,"A",74.7410136967253
"3053",55023,"Crawford","Wisconsin",7,0.497,16131,60.2,"B",43.3947058458868
"3054",55025,"Dane","Wisconsin",206,0.641,546695,87.1,"A",37.680973851965
"3055",55027,"Dodge","Wisconsin",87,0.386,87839,54,"A",99.0448434066872
"3056",55029,"Door","Wisconsin",36,0.627,27668,81.8,"A",130.114211363308
"3057",55031,"Douglas","Wisconsin",41,0.495,43150,49.4,"B",95.0173812282735
"3058",55033,"Dunn","Wisconsin",20,0.417,45368,50.9,"A",44.0839358137895
"3059",55035,"Eau Claire","Wisconsin",47,0.424,104646,64,"B",44.913326835235
"3060",55037,"Florence","Wisconsin",6,0.494,4295,56.2,"A",139.697322467986
"3061",55039,"Fond du Lac","Wisconsin",109,0.322,103403,57.8,"A",105.412802336489
"3062",55041,"Forest","Wisconsin",14,0.484,9004,62.9,"B",155.486450466459
"3063",55043,"Grant","Wisconsin",33,0.449,51439,57,"A",64.1536577305157
"3064",55045,"Green","Wisconsin",15,0.436,36960,65.9,"A",40.5844155844156
"3065",55047,"Green Lake","Wisconsin",22,0.486,18913,57.6,"B",116.322106487601
"3066",55049,"Iowa","Wisconsin",9,0.433,23678,70.6,"A",38.0099670580286
"3067",55051,"Iron","Wisconsin",5,0.518,5687,69.2,"A",87.9198171267804
"3068",55053,"Jackson","Wisconsin",6,0.404,20643,51.9,"C",29.0655427990118
"3069",55055,"Jefferson","Wisconsin",67,0.518,84769,59.5,"A",79.0383276905472
"3070",55057,"Juneau","Wisconsin",25,0.352,26687,55.6,"B",93.6785700903061
"3071",55059,"Kenosha","Wisconsin",225,0.589,169561,63.1,"C",132.695608070252
"3072",55061,"Kewaunee","Wisconsin",13,0.612,20434,53.6,"A",63.6194577664676
"3073",55063,"La Crosse","Wisconsin",66,0.498,118016,72,"A",55.9246203904555
"3074",55065,"Lafayette","Wisconsin",12,0.396,16665,62.3,"A",72.007200720072
"3075",55067,"Langlade","Wisconsin",37,0.432,19189,55.4,"A",192.818802438897
"3076",55069,"Lincoln","Wisconsin",32,0.459,27593,56.9,"A",115.9714420324
"3077",55071,"Manitowoc","Wisconsin",74,0.345,78981,62.6,"A",93.6934199364404
"3078",55073,"Marathon","Wisconsin",147,0.34,135692,62.2,"A",108.333578987707
"3079",55075,"Marinette","Wisconsin",52,0.479,40350,54.6,"B",128.872366790582
"3080",55077,"Marquette","Wisconsin",28,0.271,15574,55.1,"A",179.78682419417
"3081",55078,"Menominee","Wisconsin",9,0.3,4556,83.3,"C",197.541703248464
"3082",55079,"Milwaukee","Wisconsin",620,0.497,945726,67.7,"D",65.55810033773
"3083",55081,"Monroe","Wisconsin",39,0.46,46253,56.6,"B",84.3188549931896
"3084",55083,"Oconto","Wisconsin",41,0.447,37930,54.7,"A",108.093857105194
"3085",55085,"Oneida","Wisconsin",34,0.552,35595,67.7,"A",95.5190335721309
"3086",55087,"Outagamie","Wisconsin",135,0.353,187885,66.7,"A",71.8524629427575
"3087",55089,"Ozaukee","Wisconsin",68,0.42,89221,74.7,"A",76.2152408065366
"3088",55091,"Pepin","Wisconsin",4,0.443,7287,51.1,"A",54.8922739124468
"3089",55093,"Pierce","Wisconsin",17,0.449,42754,46.2,"A",39.7623614164757
"3090",55095,"Polk","Wisconsin",18,0.399,43783,53.2,"A",41.1118470639289
"3091",55097,"Portage","Wisconsin",41,0.28,70772,65.2,"A",57.9325156841689
"3092",55099,"Price","Wisconsin",15,0.631,13351,63.7,"A",112.351134746461
"3093",55101,"Racine","Wisconsin",220,0.512,196311,63.1,"B",112.067077239686
"3094",55103,"Richland","Wisconsin",16,0.443,17252,60.3,"B",92.7428703918386
"3095",55105,"Rock","Wisconsin",156,0.464,163354,71.8,"B",95.4981206459591
"3096",55107,"Rusk","Wisconsin",20,0.496,14178,42.5,"B",141.063619692481
"3097",55109,"St. Croix","Wisconsin",44,0.37,90687,53.4,"A",48.5185307706728
"3098",55111,"Sauk","Wisconsin",76,0.468,64442,65.5,"A",117.935507898575
"3099",55113,"Sawyer","Wisconsin",17,0.427,16558,62.6,"B",102.669404517454
"3100",55115,"Shawano","Wisconsin",53,0.286,40899,55,"A",129.587520477273
"3101",55117,"Sheboygan","Wisconsin",149,0.385,115340,64.6,"A",129.183284203225
"3102",55119,"Taylor","Wisconsin",17,0.424,20343,36.4,"B",83.5668288846286
"3103",55121,"Trempealeau","Wisconsin",17,0.387,29649,68.5,"A",57.337515599177
"3104",55123,"Vernon","Wisconsin",41,0.454,30822,56.7,"B",133.021867497242
"3105",55125,"Vilas","Wisconsin",33,0.533,22195,69,"A",148.68213561613
"3106",55127,"Walworth","Wisconsin",82,0.41,103868,56.7,"A",78.9463549890245
"3107",55129,"Washburn","Wisconsin",17,0.39,15720,65.6,"A",108.142493638677
"3108",55131,"Washington","Wisconsin",102,0.309,136034,59.6,"A",74.9812546863284
"3109",55133,"Waukesha","Wisconsin",365,0.361,404198,72.6,"A",90.3022775966234
"3110",55135,"Waupaca","Wisconsin",46,0.506,50990,56.1,"A",90.2137674053736
"3111",55137,"Waushara","Wisconsin",20,0.356,24443,46.4,"B",81.82301681463
"3112",55139,"Winnebago","Wisconsin",98,0.45,171907,63.8,"A",57.007568045513
"3113",55141,"Wood","Wisconsin",84,0.296,72999,64.1,"A",115.070069453006
"3114",56001,"Albany","Wyoming",11,0.432,38880,58.6,"B",28.2921810699588
"3115",56003,"Big Horn","Wyoming",6,0.253,11790,41,"B",50.8905852417303
"3116",56005,"Campbell","Wyoming",26,0.289,46341,32.3,"B",56.1058242161369
"3117",56007,"Carbon","Wyoming",9,0.454,14800,48.4,"C",60.8108108108108
"3118",56009,"Converse","Wyoming",9,0.335,13822,35.4,"A",65.1135870351613
"3119",56011,"Crook","Wyoming",10,0.404,7584,32.3,"A",131.856540084388
"3120",56013,"Fremont","Wyoming",44,0.424,39261,55.8,"C",112.070502534322
"3121",56015,"Goshen","Wyoming",10,0.296,13211,41.8,"B",75.6944970100674
"3122",56017,"Hot Springs","Wyoming",9,0.324,4413,51.5,"A",203.942895989123
"3123",56019,"Johnson","Wyoming",4,0.29,8445,44.5,"A",47.3653049141504
"3124",56021,"Laramie","Wyoming",87,0.409,99500,59.2,"B",87.4371859296482
"3125",56023,"Lincoln","Wyoming",8,0.324,19830,45.8,"A",40.3429147755925
"3126",56025,"Natrona","Wyoming",63,0.398,79858,47.7,"B",78.8900298029001
"3127",56027,"Niobrara","Wyoming",3,0.241,2356,32.2,"B",127.334465195246
"3128",56029,"Park","Wyoming",34,0.262,29194,48,"A",116.462286771254
"3129",56031,"Platte","Wyoming",9,0.418,8393,43,"A",107.23221732396
"3130",56033,"Sheridan","Wyoming",25,0.278,30485,55.1,"A",82.0075446941119
"3131",56035,"Sublette","Wyoming",5,0.374,9831,39,"A",50.8595259892178
"3132",56037,"Sweetwater","Wyoming",29,0.268,42343,52.8,"B",68.4882979477127
"3133",56039,"Teton","Wyoming",2,0.34,23464,95,"A",8.5236958745312
"3134",56041,"Uinta","Wyoming",12,0.264,20226,53.9,"B",59.3295757935331
"3135",56043,"Washakie","Wyoming",10,0.287,7805,45.1,"B",128.122998078155
"3136",56045,"Weston","Wyoming",8,0.374,6927,39,"A",115.490111159232
"3137",69100,"Rota","Northern Mariana Islands",0,NA,NA,NA,NA,NA
"3138",69110,"Saipan","Northern Mariana Islands",29,NA,NA,NA,NA,NA
"3139",69120,"Tinian","Northern Mariana Islands",1,NA,NA,NA,NA,NA
"3140",78010,"St. Croix","Virgin Islands",15,NA,NA,NA,NA,NA
"3141",78020,"St. John","Virgin Islands",0,NA,NA,NA,NA,NA
"3142",78030,"St. Thomas","Virgin Islands",23,NA,NA,NA,NA,NA
